GENE PRODUCT DB	GENE PRODUCT ID	SYMBOL	QUALIFIER	GO TERM	GO NAME	ECO ID	GO EVIDENCE CODE	REFERENCE	WITH/FROM	TAXON ID	ASSIGNED BY	ANNOTATION EXTENSION	GO ASPECT
UniProtKB	A0A0G2JZ79	Sirt1	enables	GO:0042393	histone binding	ECO:0000266	ISO	GO_REF:0000096	UniProtKB:Q96EB6	10116	RGD		F
UniProtKB	A0A494C1R9	TSPY9	enables	GO:0042393	histone binding	ECO:0000318	IBA	GO_REF:0000033	FB:FBgn0015268|FB:FBgn0267366|MGI:MGI:106654|PANTHER:PTN000221934|RGD:3912|SGD:S000001756|SGD:S000005190|TAIR:locus:2019075|TAIR:locus:2034995|TAIR:locus:2050424|TAIR:locus:2091591|TAIR:locus:2120785|TAIR:locus:2164595|UniProtKB:A0A1L8GUC2|UniProtKB:A0A8J0UN15|UniProtKB:Q8I2W3|UniProtKB:Q8I608	9606	GO_Central		F
UniProtKB	A2A5N8	L3mbtl1	enables	GO:0042393	histone binding	ECO:0000318	IBA	GO_REF:0000033	FB:FBgn0032475|PANTHER:PTN000261772|UniProtKB:Q05BQ5|UniProtKB:Q5VUG0|UniProtKB:Q969R5|UniProtKB:Q9UHJ3|UniProtKB:Q9Y468	10090	GO_Central		F
UniProtKB	A2A8L1	Chd5	enables	GO:0042393	histone binding	ECO:0000318	IBA	GO_REF:0000033	MGI:MGI:1915022|MGI:MGI:2448567|MGI:MGI:3036258|PANTHER:PTN002473914|SGD:S000000966	10090	GO_Central		F
UniProtKB	A2A8L1	Chd5	enables	GO:0042393	histone binding	ECO:0000314	IDA	PMID:23318260		10090	GO_Central		F
UniProtKB	A2AJK6	Chd7	enables	GO:0042393	histone binding	ECO:0000318	IBA	GO_REF:0000033	MGI:MGI:1915022|MGI:MGI:2448567|MGI:MGI:3036258|PANTHER:PTN002473914|SGD:S000000966	10090	GO_Central		F
UniProtKB	A2AM29	Mllt3	enables	GO:0042393	histone binding	ECO:0000250	ISS	GO_REF:0000024	UniProtKB:P42568	10090	UniProt		F
UniProtKB	A2AM29	Mllt3	enables	GO:0042393	histone binding	ECO:0000265	IEA	GO_REF:0000107	UniProtKB:P42568|ensembl:ENSP00000369695	10090	Ensembl		F
UniProtKB	A2APF3	Ctcfl	enables	GO:0042393	histone binding	ECO:0000314	IDA	PMID:17048991		10090	UniProt		F
UniProtKB	A3KFM7	Chd6	enables	GO:0042393	histone binding	ECO:0000318	IBA	GO_REF:0000033	MGI:MGI:1915022|MGI:MGI:2448567|MGI:MGI:3036258|PANTHER:PTN002473914|SGD:S000000966	10090	GO_Central		F
UniProtKB	A3KN83	SBNO1	enables	GO:0042393	histone binding	ECO:0000318	IBA	GO_REF:0000033	PANTHER:PTN000295173|TAIR:locus:2207365	9606	GO_Central		F
UniProtKB	A6NKD2	TSPY2	enables	GO:0042393	histone binding	ECO:0000318	IBA	GO_REF:0000033	FB:FBgn0015268|FB:FBgn0267366|MGI:MGI:106654|PANTHER:PTN000221934|RGD:3912|SGD:S000001756|SGD:S000005190|TAIR:locus:2019075|TAIR:locus:2034995|TAIR:locus:2050424|TAIR:locus:2091591|TAIR:locus:2120785|TAIR:locus:2164595|UniProtKB:A0A1L8GUC2|UniProtKB:A0A8J0UN15|UniProtKB:Q8I2W3|UniProtKB:Q8I608	9606	GO_Central		F
UniProtKB	A8MVJ9	A8MVJ9	enables	GO:0042393	histone binding	ECO:0000256	IEA	GO_REF:0000002	InterPro:IPR019361	9606	InterPro		F
UniProtKB	A8MVJ9	A8MVJ9	enables	GO:0042393	histone binding	ECO:0000318	IBA	GO_REF:0000033	PANTHER:PTN001001693|UniProtKB:Q9NWY4	9606	GO_Central		F
UniProtKB	B1AY15	Usp51	enables	GO:0042393	histone binding	ECO:0000250	ISS	GO_REF:0000024	UniProtKB:Q70EK9	10090	UniProt		F
UniProtKB	B1AY15	Usp51	enables	GO:0042393	histone binding	ECO:0000265	IEA	GO_REF:0000107	UniProtKB:Q70EK9|ensembl:ENSP00000423333	10090	Ensembl		F
UniProtKB	B1B1A0	L3mbtl4	enables	GO:0042393	histone binding	ECO:0000318	IBA	GO_REF:0000033	FB:FBgn0032475|PANTHER:PTN000261772|UniProtKB:Q05BQ5|UniProtKB:Q5VUG0|UniProtKB:Q969R5|UniProtKB:Q9UHJ3|UniProtKB:Q9Y468	10090	GO_Central		F
UniProtKB	B2RYR0	Rnf168	enables	GO:0042393	histone binding	ECO:0000250	ISS	GO_REF:0000024	UniProtKB:Q8IYW5	10116	UniProt		F
UniProtKB	B2RYR0	Rnf168	enables	GO:0042393	histone binding	ECO:0000266	ISO	GO_REF:0000096	UniProtKB:Q8IYW5	10116	RGD		F
UniProtKB	B2RYR0	Rnf168	enables	GO:0042393	histone binding	ECO:0000256	IEA	GO_REF:0000104	UniRule:UR000370030	10116	UniProt		F
UniProtKB	C0HLU2	ZNF689	enables	GO:0042393	histone binding	ECO:0000314	IDA	PMID:33468658		9606	UniProt		F
UniProtKB	D3ZA12	Chd6	enables	GO:0042393	histone binding	ECO:0000318	IBA	GO_REF:0000033	MGI:MGI:1915022|MGI:MGI:2448567|MGI:MGI:3036258|PANTHER:PTN002473914|SGD:S000000966	10116	GO_Central		F
UniProtKB	D3ZD32	Chd5	enables	GO:0042393	histone binding	ECO:0000318	IBA	GO_REF:0000033	MGI:MGI:1915022|MGI:MGI:2448567|MGI:MGI:3036258|PANTHER:PTN002473914|SGD:S000000966	10116	GO_Central		F
UniProtKB	D3ZD32	Chd5	enables	GO:0042393	histone binding	ECO:0000266	ISO	GO_REF:0000096	MGI:MGI:3036258	10116	RGD		F
UniProtKB	D3ZWK4	L3mbtl1	enables	GO:0042393	histone binding	ECO:0000318	IBA	GO_REF:0000033	FB:FBgn0032475|PANTHER:PTN000261772|UniProtKB:Q05BQ5|UniProtKB:Q5VUG0|UniProtKB:Q969R5|UniProtKB:Q9UHJ3|UniProtKB:Q9Y468	10116	GO_Central		F
UniProtKB	D3ZWK4	L3mbtl1	enables	GO:0042393	histone binding	ECO:0000266	ISO	GO_REF:0000096	UniProtKB:Q9Y468	10116	RGD		F
UniProtKB	D3ZZW6	H1-9	enables	GO:0042393	histone binding	ECO:0000266	ISO	GO_REF:0000096	UniProtKB:P60008	10116	RGD		F
UniProtKB	D4A615	Tonsl	enables	GO:0042393	histone binding	ECO:0000250	ISS	GO_REF:0000024	UniProtKB:Q96HA7	10116	UniProt		F
UniProtKB	D4A615	Tonsl	enables	GO:0042393	histone binding	ECO:0000266	ISO	GO_REF:0000096	UniProtKB:Q96HA7	10116	RGD		F
UniProtKB	D4A615	Tonsl	enables	GO:0042393	histone binding	ECO:0000265	IEA	GO_REF:0000107	UniProtKB:Q96HA7|ensembl:ENSP00000386239	10116	Ensembl		F
UniProtKB	D4A7T3	Brdt	enables	GO:0042393	histone binding	ECO:0000266	ISO	GO_REF:0000096	MGI:MGI:1891374	10116	RGD		F
UniProtKB	D4A7T3	Brdt	enables	GO:0042393	histone binding	ECO:0000266	ISO	GO_REF:0000096	UniProtKB:Q58F21	10116	RGD		F
UniProtKB	E9PZM4	Chd2	enables	GO:0042393	histone binding	ECO:0000318	IBA	GO_REF:0000033	MGI:MGI:1915022|MGI:MGI:2448567|MGI:MGI:3036258|PANTHER:PTN002473914|SGD:S000000966	10090	GO_Central		F
UniProtKB	E9PZM4	Chd2	enables	GO:0042393	histone binding	ECO:0000314	IDA	PMID:22569126		10090	UniProt		F
UniProtKB	O00213	APBB1	enables	GO:0042393	histone binding	ECO:0000353	IPI	PMID:19234442	UniProtKB:P16104	9606	UniProt		F
UniProtKB	O14646	CHD1	enables	GO:0042393	histone binding	ECO:0000318	IBA	GO_REF:0000033	MGI:MGI:1915022|MGI:MGI:2448567|MGI:MGI:3036258|PANTHER:PTN002473914|SGD:S000000966	9606	GO_Central		F
UniProtKB	O14647	CHD2	enables	GO:0042393	histone binding	ECO:0000250	ISS	GO_REF:0000024	UniProtKB:E9PZM4	9606	UniProt		F
UniProtKB	O14647	CHD2	enables	GO:0042393	histone binding	ECO:0000318	IBA	GO_REF:0000033	MGI:MGI:1915022|MGI:MGI:2448567|MGI:MGI:3036258|PANTHER:PTN002473914|SGD:S000000966	9606	GO_Central		F
UniProtKB	O14647	CHD2	enables	GO:0042393	histone binding	ECO:0000265	IEA	GO_REF:0000107	UniProtKB:E9PZM4|ensembl:ENSMUSP00000126352	9606	Ensembl		F
UniProtKB	O14929	HAT1	enables	GO:0042393	histone binding	ECO:0000256	IEA	GO_REF:0000002	InterPro:IPR013523	9606	InterPro		F
UniProtKB	O35381	Anp32a	enables	GO:0042393	histone binding	ECO:0000318	IBA	GO_REF:0000033	PANTHER:PTN000146830|UniProtKB:Q92688|UniProtKB:Q9BTT0	10090	GO_Central		F
UniProtKB	O35613	Daxx	enables	GO:0042393	histone binding	ECO:0000256	IEA	GO_REF:0000002	InterPro:IPR046426	10090	InterPro		F
UniProtKB	O35613	Daxx	enables	GO:0042393	histone binding	ECO:0000318	IBA	GO_REF:0000033	MGI:MGI:1197015|PANTHER:PTN000298849|UniProtKB:Q9UER7	10090	GO_Central		F
UniProtKB	O35613	Daxx	enables	GO:0042393	histone binding	ECO:0000314	IDA	PMID:20211137		10090	CAFA		F
UniProtKB	O35613	Daxx	enables	GO:0042393	histone binding	ECO:0000314	IDA	PMID:20504901		10090	UniProt		F
UniProtKB	O43149	ZZEF1	enables	GO:0042393	histone binding	ECO:0000314	IDA	PMID:33227311		9606	UniProt	has_input(UniProtKB:P84243)|has_input(UniProtKB:P68431)	F
UniProtKB	O43257	ZNHIT1	enables	GO:0042393	histone binding	ECO:0000353	IPI	PMID:20473270	UniProtKB:P0C0S5	9606	UniProt		F
UniProtKB	O43423	ANP32CP	enables	GO:0042393	histone binding	ECO:0000318	IBA	GO_REF:0000033	PANTHER:PTN000146830|UniProtKB:Q92688|UniProtKB:Q9BTT0	9606	GO_Central		F
UniProtKB	O43918	AIRE	enables	GO:0042393	histone binding	ECO:0000318	IBA	GO_REF:0000033	PANTHER:PTN005329562|UniProtKB:O43918	9606	GO_Central		F
UniProtKB	O43918	AIRE	enables	GO:0042393	histone binding	ECO:0000314	IDA	PMID:18292755		9606	UniProt		F
UniProtKB	O43918	AIRE	enables	GO:0042393	histone binding	ECO:0000314	IDA	PMID:19446523		9606	UniProt		F
UniProtKB	O54826	Mllt10	enables	GO:0042393	histone binding	ECO:0000318	IBA	GO_REF:0000033	PANTHER:PTN000350611|UniProtKB:P55197|UniProtKB:P55198	10090	GO_Central		F
UniProtKB	O54826	Mllt10	enables	GO:0042393	histone binding	ECO:0000501	IEA	GO_REF:0000120	ARBA:ARBA00028931|UniProtKB:P55197|ensembl:ENSP00000307411	10090	UniProt		F
UniProtKB	O55042	Snca	enables	GO:0042393	histone binding	ECO:0000265	IEA	GO_REF:0000107	UniProtKB:P37840|ensembl:ENSP00000378442	10090	Ensembl		F
UniProtKB	O55042	Snca	enables	GO:0042393	histone binding	ECO:0000314	IDA	PMID:16959795		10090	UniProt		F
UniProtKB	O60264	SMARCA5	contributes_to	GO:0042393	histone binding	ECO:0000314	IDA	PMID:12972596		9606	UniProt		F
UniProtKB	O60318	MCM3AP	enables	GO:0042393	histone binding	ECO:0000314	IDA	PMID:23652018		9606	UniProt		F
UniProtKB	O60674	JAK2	enables	GO:0042393	histone binding	ECO:0000256	IEA	GO_REF:0000002	InterPro:IPR020693	9606	InterPro		F
UniProtKB	O60885	BRD4	enables	GO:0042393	histone binding	ECO:0000318	IBA	GO_REF:0000033	FB:FBgn0004656|PANTHER:PTN002914388|TAIR:locus:2032692|UniProtKB:O60885|UniProtKB:Q15059|UniProtKB:Q58F21	9606	GO_Central		F
UniProtKB	O60885	BRD4	enables	GO:0042393	histone binding	ECO:0000256	IEA	GO_REF:0000117	ARBA:ARBA00028931	9606	UniProt		F
UniProtKB	O60907	TBL1X	enables	GO:0042393	histone binding	ECO:0000314	IDA	PMID:15601853		9606	UniProt		F
UniProtKB	O60934	NBN	enables	GO:0042393	histone binding	ECO:0000353	IPI	PMID:19338747	UniProtKB:P16104	9606	UniProt		F
UniProtKB	O75607	NPM3	enables	GO:0042393	histone binding	ECO:0000318	IBA	GO_REF:0000033	FB:FBgn0016685|FB:FBgn0039735|PANTHER:PTN001100765|UniProtKB:P06748	9606	GO_Central		F
UniProtKB	O76064	RNF8	enables	GO:0042393	histone binding	ECO:0000318	IBA	GO_REF:0000033	MGI:MGI:1929069|PANTHER:PTN001030724|UniProtKB:O76064	9606	GO_Central		F
UniProtKB	O76064	RNF8	enables	GO:0042393	histone binding	ECO:0000501	IEA	GO_REF:0000120	ARBA:ARBA00028931|UniProtKB:Q8VC56|ensembl:ENSMUSP00000024817|UniRule:UR000369684	9606	UniProt		F
UniProtKB	O76064	RNF8	enables	GO:0042393	histone binding	ECO:0000314	IDA	PMID:18001824		9606	UniProt		F
UniProtKB	O76064	RNF8	enables	GO:0042393	histone binding	ECO:0000314	IDA	PMID:18001825		9606	UniProt		F
UniProtKB	O88665	Brd7	enables	GO:0042393	histone binding	ECO:0000266	ISO	GO_REF:0000008	UniProtKB:Q9NPI1	10090	MGI		F
UniProtKB	O88665	Brd7	enables	GO:0042393	histone binding	ECO:0000265	IEA	GO_REF:0000107	UniProtKB:Q9NPI1|ensembl:ENSP00000378180	10090	Ensembl		F
UniProtKB	O88852	Tspyl1	enables	GO:0042393	histone binding	ECO:0000318	IBA	GO_REF:0000033	FB:FBgn0015268|FB:FBgn0267366|MGI:MGI:106654|PANTHER:PTN000221934|RGD:3912|SGD:S000001756|SGD:S000005190|TAIR:locus:2019075|TAIR:locus:2034995|TAIR:locus:2050424|TAIR:locus:2091591|TAIR:locus:2120785|TAIR:locus:2164595|UniProtKB:A0A1L8GUC2|UniProtKB:A0A8J0UN15|UniProtKB:Q8I2W3|UniProtKB:Q8I608	10090	GO_Central		F
UniProtKB	O94880	PHF14	enables	GO:0042393	histone binding	ECO:0000314	IDA	PMID:23688586		9606	UniProt		F
UniProtKB	O95271	TNKS	enables	GO:0042393	histone binding	ECO:0000353	IPI	PMID:26373281	UniProtKB:O75367	9606	BHF-UCL		F
UniProtKB	O95373	IPO7	enables	GO:0042393	histone binding	ECO:0000265	IEA	GO_REF:0000107	UniProtKB:Q9EPL8|ensembl:ENSMUSP00000081782	9606	Ensembl		F
UniProtKB	O95619	YEATS4	enables	GO:0042393	histone binding	ECO:0000318	IBA	GO_REF:0000033	PANTHER:PTN000574151|UniProtKB:Q9ULM3	9606	GO_Central		F
UniProtKB	P04550	Ptms	enables	GO:0042393	histone binding	ECO:0000318	IBA	GO_REF:0000033	MGI:MGI:97803|PANTHER:PTN002733430|UniProtKB:P06454	10116	GO_Central		F
UniProtKB	P05771	PRKCB	enables	GO:0042393	histone binding	ECO:0000314	IDA	PMID:20228790		9606	UniProt		F
UniProtKB	P06302	Ptma	enables	GO:0042393	histone binding	ECO:0000318	IBA	GO_REF:0000033	MGI:MGI:97803|PANTHER:PTN002733430|UniProtKB:P06454	10116	GO_Central		F
UniProtKB	P06302	Ptma	enables	GO:0042393	histone binding	ECO:0000266	ISO	GO_REF:0000096	MGI:MGI:97803	10116	RGD		F
UniProtKB	P06302	Ptma	enables	GO:0042393	histone binding	ECO:0000266	ISO	GO_REF:0000096	UniProtKB:P06454	10116	RGD		F
UniProtKB	P06454	PTMA	enables	GO:0042393	histone binding	ECO:0000318	IBA	GO_REF:0000033	MGI:MGI:97803|PANTHER:PTN002733430|UniProtKB:P06454	9606	GO_Central		F
UniProtKB	P06454	PTMA	enables	GO:0042393	histone binding	ECO:0000265	IEA	GO_REF:0000107	UniProtKB:P26350|ensembl:ENSMUSP00000044188	9606	Ensembl		F
UniProtKB	P06454	PTMA	enables	GO:0042393	histone binding	ECO:0000353	IPI	PMID:29466338	UniProtKB:P07305	9606	DisProt		F
UniProtKB	P06748	NPM1	enables	GO:0042393	histone binding	ECO:0000318	IBA	GO_REF:0000033	FB:FBgn0016685|FB:FBgn0039735|PANTHER:PTN001100765|UniProtKB:P06748	9606	GO_Central		F
UniProtKB	P06748	NPM1	enables	GO:0042393	histone binding	ECO:0000314	IDA	PMID:11602260		9606	UniProt		F
UniProtKB	P06797	Ctsl	enables	GO:0042393	histone binding	ECO:0000314	IDA	PMID:18957203		10090	BHF-UCL		F
UniProtKB	P07154	Ctsl	enables	GO:0042393	histone binding	ECO:0000266	ISO	GO_REF:0000096	MGI:MGI:88564	10116	RGD		F
UniProtKB	P07154	Ctsl	enables	GO:0042393	histone binding	ECO:0000266	ISO	GO_REF:0000096	UniProtKB:P07711	10116	RGD		F
UniProtKB	P07711	CTSL	enables	GO:0042393	histone binding	ECO:0000314	IDA	PMID:21326229		9606	BHF-UCL		F
UniProtKB	P0C2N6	Kmt5c	enables	GO:0042393	histone binding	ECO:0000266	ISO	GO_REF:0000096	MGI:MGI:2385262	10116	RGD		F
UniProtKB	P0C2N6	Kmt5c	enables	GO:0042393	histone binding	ECO:0000265	IEA	GO_REF:0000107	UniProtKB:Q6Q783|ensembl:ENSMUSP00000104223	10116	Ensembl		F
UniProtKB	P0CV98	TSPY3	enables	GO:0042393	histone binding	ECO:0000318	IBA	GO_REF:0000033	FB:FBgn0015268|FB:FBgn0267366|MGI:MGI:106654|PANTHER:PTN000221934|RGD:3912|SGD:S000001756|SGD:S000005190|TAIR:locus:2019075|TAIR:locus:2034995|TAIR:locus:2050424|TAIR:locus:2091591|TAIR:locus:2120785|TAIR:locus:2164595|UniProtKB:A0A1L8GUC2|UniProtKB:A0A8J0UN15|UniProtKB:Q8I2W3|UniProtKB:Q8I608	9606	GO_Central		F
UniProtKB	P0CV99	TSPY4	enables	GO:0042393	histone binding	ECO:0000318	IBA	GO_REF:0000033	FB:FBgn0015268|FB:FBgn0267366|MGI:MGI:106654|PANTHER:PTN000221934|RGD:3912|SGD:S000001756|SGD:S000005190|TAIR:locus:2019075|TAIR:locus:2034995|TAIR:locus:2050424|TAIR:locus:2091591|TAIR:locus:2120785|TAIR:locus:2164595|UniProtKB:A0A1L8GUC2|UniProtKB:A0A8J0UN15|UniProtKB:Q8I2W3|UniProtKB:Q8I608	9606	GO_Central		F
UniProtKB	P0CW00	TSPY8	enables	GO:0042393	histone binding	ECO:0000318	IBA	GO_REF:0000033	FB:FBgn0015268|FB:FBgn0267366|MGI:MGI:106654|PANTHER:PTN000221934|RGD:3912|SGD:S000001756|SGD:S000005190|TAIR:locus:2019075|TAIR:locus:2034995|TAIR:locus:2050424|TAIR:locus:2091591|TAIR:locus:2120785|TAIR:locus:2164595|UniProtKB:A0A1L8GUC2|UniProtKB:A0A8J0UN15|UniProtKB:Q8I2W3|UniProtKB:Q8I608	9606	GO_Central		F
UniProtKB	P0CW01	TSPY10	enables	GO:0042393	histone binding	ECO:0000318	IBA	GO_REF:0000033	FB:FBgn0015268|FB:FBgn0267366|MGI:MGI:106654|PANTHER:PTN000221934|RGD:3912|SGD:S000001756|SGD:S000005190|TAIR:locus:2019075|TAIR:locus:2034995|TAIR:locus:2050424|TAIR:locus:2091591|TAIR:locus:2120785|TAIR:locus:2164595|UniProtKB:A0A1L8GUC2|UniProtKB:A0A8J0UN15|UniProtKB:Q8I2W3|UniProtKB:Q8I608	9606	GO_Central		F
UniProtKB	P0DME0	SETSIP	enables	GO:0042393	histone binding	ECO:0000318	IBA	GO_REF:0000033	FB:FBgn0015268|FB:FBgn0267366|MGI:MGI:106654|PANTHER:PTN000221934|RGD:3912|SGD:S000001756|SGD:S000005190|TAIR:locus:2019075|TAIR:locus:2034995|TAIR:locus:2050424|TAIR:locus:2091591|TAIR:locus:2120785|TAIR:locus:2164595|UniProtKB:A0A1L8GUC2|UniProtKB:A0A8J0UN15|UniProtKB:Q8I2W3|UniProtKB:Q8I608	9606	GO_Central		F
UniProtKB	P13084	Npm1	enables	GO:0042393	histone binding	ECO:0000318	IBA	GO_REF:0000033	FB:FBgn0016685|FB:FBgn0039735|PANTHER:PTN001100765|UniProtKB:P06748	10116	GO_Central		F
UniProtKB	P13084	Npm1	enables	GO:0042393	histone binding	ECO:0000266	ISO	GO_REF:0000096	UniProtKB:P06748	10116	RGD		F
UniProtKB	P13383	Ncl	enables	GO:0042393	histone binding	ECO:0000314	IDA	PMID:8424749		10116	RGD		F
UniProtKB	P15918	RAG1	enables	GO:0042393	histone binding	ECO:0000250	ISS	GO_REF:0000024	UniProtKB:P15919	9606	UniProt		F
UniProtKB	P15918	RAG1	enables	GO:0042393	histone binding	ECO:0000265	IEA	GO_REF:0000107	UniProtKB:P15919|ensembl:ENSMUSP00000077584	9606	Ensembl		F
UniProtKB	P15919	Rag1	enables	GO:0042393	histone binding	ECO:0000314	IDA	PMID:20122409		10090	UniProt		F
UniProtKB	P16104	H2AX	enables	GO:0042393	histone binding	ECO:0000353	IPI	PMID:19234442	UniProtKB:O00213	9606	UniProt		F
UniProtKB	P18754	RCC1	enables	GO:0042393	histone binding	ECO:0000314	IDA	PMID:11375490		9606	UniProt		F
UniProtKB	P20962	PTMS	enables	GO:0042393	histone binding	ECO:0000318	IBA	GO_REF:0000033	MGI:MGI:97803|PANTHER:PTN002733430|UniProtKB:P06454	9606	GO_Central		F
UniProtKB	P25440	BRD2	enables	GO:0042393	histone binding	ECO:0000318	IBA	GO_REF:0000033	FB:FBgn0004656|PANTHER:PTN002914388|TAIR:locus:2032692|UniProtKB:O60885|UniProtKB:Q15059|UniProtKB:Q58F21	9606	GO_Central		F
UniProtKB	P25440	BRD2	enables	GO:0042393	histone binding	ECO:0000256	IEA	GO_REF:0000117	ARBA:ARBA00028931	9606	UniProt		F
UniProtKB	P26350	Ptma	enables	GO:0042393	histone binding	ECO:0000318	IBA	GO_REF:0000033	MGI:MGI:97803|PANTHER:PTN002733430|UniProtKB:P06454	10090	GO_Central		F
UniProtKB	P26350	Ptma	enables	GO:0042393	histone binding	ECO:0000265	IEA	GO_REF:0000107	UniProtKB:P06454|ensembl:ENSP00000386819	10090	Ensembl		F
UniProtKB	P26350	Ptma	enables	GO:0042393	histone binding	ECO:0000314	IDA	PMID:20434447		10090	MGI		F
UniProtKB	P27661	H2ax	enables	GO:0042393	histone binding	ECO:0000265	IEA	GO_REF:0000107	UniProtKB:P16104|ensembl:ENSP00000434024	10090	Ensembl		F
UniProtKB	P28656	Nap1l1	enables	GO:0042393	histone binding	ECO:0000318	IBA	GO_REF:0000033	FB:FBgn0015268|FB:FBgn0267366|MGI:MGI:106654|PANTHER:PTN000221934|RGD:3912|SGD:S000001756|SGD:S000005190|TAIR:locus:2019075|TAIR:locus:2034995|TAIR:locus:2050424|TAIR:locus:2091591|TAIR:locus:2120785|TAIR:locus:2164595|UniProtKB:A0A1L8GUC2|UniProtKB:A0A8J0UN15|UniProtKB:Q8I2W3|UniProtKB:Q8I608	10090	GO_Central		F
UniProtKB	P29375	KDM5A	enables	GO:0042393	histone binding	ECO:0000314	IDA	PMID:19430464		9606	UniProt		F
UniProtKB	P33552	CKS2	enables	GO:0042393	histone binding	ECO:0000318	IBA	GO_REF:0000033	PANTHER:PTN000602176|SGD:S000000339	9606	GO_Central		F
UniProtKB	P35659	DEK	enables	GO:0042393	histone binding	ECO:0000318	IBA	GO_REF:0000033	PANTHER:PTN000336336|TAIR:locus:2133847|UniProtKB:P35659	9606	GO_Central		F
UniProtKB	P35659	DEK	enables	GO:0042393	histone binding	ECO:0000314	IDA	PMID:12140263		9606	UniProt		F
UniProtKB	P37377	Snca	enables	GO:0042393	histone binding	ECO:0000266	ISO	GO_REF:0000096	MGI:MGI:1277151	10116	RGD		F
UniProtKB	P37377	Snca	enables	GO:0042393	histone binding	ECO:0000266	ISO	GO_REF:0000096	UniProtKB:P37840	10116	RGD		F
UniProtKB	P37377	Snca	enables	GO:0042393	histone binding	ECO:0000501	IEA	GO_REF:0000120	UniProtKB:O55042|ensembl:ENSMUSP00000109907|UniProtKB:P37840|ensembl:ENSP00000378442	10116	UniProt		F
UniProtKB	P37840	SNCA	enables	GO:0042393	histone binding	ECO:0000265	IEA	GO_REF:0000107	UniProtKB:O55042|ensembl:ENSMUSP00000109907	9606	Ensembl		F
UniProtKB	P37840	SNCA	enables	GO:0042393	histone binding	ECO:0000314	IDA	PMID:16959795		9606	UniProt		F
UniProtKB	P39687	ANP32A	enables	GO:0042393	histone binding	ECO:0000318	IBA	GO_REF:0000033	PANTHER:PTN000146830|UniProtKB:Q92688|UniProtKB:Q9BTT0	9606	GO_Central		F
UniProtKB	P40201	Chd1	enables	GO:0042393	histone binding	ECO:0000318	IBA	GO_REF:0000033	MGI:MGI:1915022|MGI:MGI:2448567|MGI:MGI:3036258|PANTHER:PTN002473914|SGD:S000000966	10090	GO_Central		F
UniProtKB	P42224	STAT1	enables	GO:0042393	histone binding	ECO:0000353	IPI	PMID:26479788	UniProtKB:Q93079	9606	UniProt		F
UniProtKB	P42568	MLLT3	enables	GO:0042393	histone binding	ECO:0000314	IDA	PMID:27105114		9606	UniProt		F
UniProtKB	P42568	MLLT3	enables	GO:0042393	histone binding	ECO:0000314	IDA	PMID:27545619		9606	UniProt		F
UniProtKB	P42695	NCAPD3	enables	GO:0042393	histone binding	ECO:0000318	IBA	GO_REF:0000033	PANTHER:PTN000368592|UniProtKB:Q15021	9606	GO_Central		F
UniProtKB	P46100	ATRX	enables	GO:0042393	histone binding	ECO:0000501	IEA	GO_REF:0000120	ARBA:ARBA00028931|UniProtKB:Q61687|ensembl:ENSMUSP00000109203	9606	UniProt		F
UniProtKB	P46100	ATRX	enables	GO:0042393	histone binding	ECO:0000314	IDA	PMID:20211137		9606	CAFA		F
UniProtKB	P46100	ATRX	enables	GO:0042393	histone binding	ECO:0000314	IDA	PMID:22391447		9606	UniProt		F
UniProtKB	P46933	Apbb1	enables	GO:0042393	histone binding	ECO:0000266	ISO	GO_REF:0000096	UniProtKB:O00213	10116	RGD		F
UniProtKB	P49321	NASP	enables	GO:0042393	histone binding	ECO:0000318	IBA	GO_REF:0000033	MGI:MGI:1355328|PANTHER:PTN000386890|TAIR:locus:2115045|UniProtKB:P49321	9606	GO_Central		F
UniProtKB	P49321	NASP	enables	GO:0042393	histone binding	ECO:0000314	IDA	PMID:27618665		9606	UniProt		F
UniProtKB	P49736	MCM2	enables	GO:0042393	histone binding	ECO:0000501	IEA	GO_REF:0000120	ARBA:ARBA00028931|UniProtKB:P97310|ensembl:ENSMUSP00000061923	9606	UniProt		F
UniProtKB	P49736	MCM2	enables	GO:0042393	histone binding	ECO:0000269	EXP	PMID:25618846		9606	DisProt	has_input(UniProtKB:P02299),has_input(UniProtKB:P84040)	F
UniProtKB	P49736	MCM2	enables	GO:0042393	histone binding	ECO:0000353	IPI	PMID:25618846	UniProtKB:P02299,UniProtKB:P84040	9606	DisProt		F
UniProtKB	P49911	Anp32a	enables	GO:0042393	histone binding	ECO:0000318	IBA	GO_REF:0000033	PANTHER:PTN000146830|UniProtKB:Q92688|UniProtKB:Q9BTT0	10116	GO_Central		F
UniProtKB	P51531	SMARCA2	enables	GO:0042393	histone binding	ECO:0000256	IEA	GO_REF:0000002	InterPro:IPR029295	9606	InterPro		F
UniProtKB	P51532	SMARCA4	enables	GO:0042393	histone binding	ECO:0000256	IEA	GO_REF:0000002	InterPro:IPR029295	9606	InterPro		F
UniProtKB	P51860	Nap1l2	enables	GO:0042393	histone binding	ECO:0000318	IBA	GO_REF:0000033	FB:FBgn0015268|FB:FBgn0267366|MGI:MGI:106654|PANTHER:PTN000221934|RGD:3912|SGD:S000001756|SGD:S000005190|TAIR:locus:2019075|TAIR:locus:2034995|TAIR:locus:2050424|TAIR:locus:2091591|TAIR:locus:2120785|TAIR:locus:2164595|UniProtKB:A0A1L8GUC2|UniProtKB:A0A8J0UN15|UniProtKB:Q8I2W3|UniProtKB:Q8I608	10090	GO_Central		F
UniProtKB	P51860	Nap1l2	enables	GO:0042393	histone binding	ECO:0000314	IDA	PMID:17591696		10090	MGI		F
UniProtKB	P54103	Dnajc2	enables	GO:0042393	histone binding	ECO:0000250	ISS	GO_REF:0000024	UniProtKB:Q99543	10090	UniProt		F
UniProtKB	P54103	Dnajc2	enables	GO:0042393	histone binding	ECO:0000265	IEA	GO_REF:0000107	UniProtKB:Q99543|ensembl:ENSP00000368565	10090	Ensembl		F
UniProtKB	P54198	HIRA	enables	GO:0042393	histone binding	ECO:0000314	IDA	PMID:9731536		9606	ARUK-UCL		F
UniProtKB	P55197	MLLT10	enables	GO:0042393	histone binding	ECO:0000318	IBA	GO_REF:0000033	PANTHER:PTN000350611|UniProtKB:P55197|UniProtKB:P55198	9606	GO_Central		F
UniProtKB	P55197	MLLT10	enables	GO:0042393	histone binding	ECO:0000256	IEA	GO_REF:0000117	ARBA:ARBA00028931	9606	UniProt		F
UniProtKB	P55197	MLLT10	enables	GO:0042393	histone binding	ECO:0000353	IPI	PMID:26439302	UniProtKB:P84243	9606	UniProt		F
UniProtKB	P55198	MLLT6	enables	GO:0042393	histone binding	ECO:0000318	IBA	GO_REF:0000033	PANTHER:PTN000350611|UniProtKB:P55197|UniProtKB:P55198	9606	GO_Central		F
UniProtKB	P55198	MLLT6	enables	GO:0042393	histone binding	ECO:0000256	IEA	GO_REF:0000117	ARBA:ARBA00028931	9606	UniProt		F
UniProtKB	P55198	MLLT6	enables	GO:0042393	histone binding	ECO:0000353	IPI	PMID:26439302	UniProtKB:P84243	9606	UniProt		F
UniProtKB	P55209	NAP1L1	enables	GO:0042393	histone binding	ECO:0000318	IBA	GO_REF:0000033	FB:FBgn0015268|FB:FBgn0267366|MGI:MGI:106654|PANTHER:PTN000221934|RGD:3912|SGD:S000001756|SGD:S000005190|TAIR:locus:2019075|TAIR:locus:2034995|TAIR:locus:2050424|TAIR:locus:2091591|TAIR:locus:2120785|TAIR:locus:2164595|UniProtKB:A0A1L8GUC2|UniProtKB:A0A8J0UN15|UniProtKB:Q8I2W3|UniProtKB:Q8I608	9606	GO_Central		F
UniProtKB	P56390	Cks2	enables	GO:0042393	histone binding	ECO:0000318	IBA	GO_REF:0000033	PANTHER:PTN000602176|SGD:S000000339	10090	GO_Central		F
UniProtKB	P56524	HDAC4	contributes_to	GO:0042393	histone binding	ECO:0000314	IDA	PMID:19276356		9606	BHF-UCL		F
UniProtKB	P59178	L3mbtl2	enables	GO:0042393	histone binding	ECO:0000265	IEA	GO_REF:0000107	UniProtKB:Q969R5|ensembl:ENSP00000216237	10090	Ensembl		F
UniProtKB	P60008	H1-9P	enables	GO:0042393	histone binding	ECO:0000314	IDA	PMID:12920187		9606	UniProt		F
UniProtKB	P61024	CKS1B	enables	GO:0042393	histone binding	ECO:0000318	IBA	GO_REF:0000033	PANTHER:PTN000602176|SGD:S000000339	9606	GO_Central		F
UniProtKB	P61025	Cks1b	enables	GO:0042393	histone binding	ECO:0000318	IBA	GO_REF:0000033	PANTHER:PTN000602176|SGD:S000000339	10090	GO_Central		F
UniProtKB	P61964	WDR5	enables	GO:0042393	histone binding	ECO:0000318	IBA	GO_REF:0000033	PANTHER:PTN001483578|TAIR:locus:2097435	9606	GO_Central		F
UniProtKB	P61965	Wdr5	enables	GO:0042393	histone binding	ECO:0000318	IBA	GO_REF:0000033	PANTHER:PTN001483578|TAIR:locus:2097435	10090	GO_Central		F
UniProtKB	P68403	Prkcb	enables	GO:0042393	histone binding	ECO:0000250	ISS	GO_REF:0000024	UniProtKB:P05771	10116	UniProt		F
UniProtKB	P68403	Prkcb	enables	GO:0042393	histone binding	ECO:0000266	ISO	GO_REF:0000096	UniProtKB:P05771	10116	RGD		F
UniProtKB	P68404	Prkcb	enables	GO:0042393	histone binding	ECO:0000250	ISS	GO_REF:0000024	UniProtKB:P05771	10090	UniProt		F
UniProtKB	P68404	Prkcb	enables	GO:0042393	histone binding	ECO:0000265	IEA	GO_REF:0000107	UniProtKB:P05771|ensembl:ENSP00000496129	10090	Ensembl		F
UniProtKB	P70268	Pkn1	enables	GO:0042393	histone binding	ECO:0000250	ISS	GO_REF:0000024	UniProtKB:Q16512	10090	UniProt		F
UniProtKB	P70268	Pkn1	enables	GO:0042393	histone binding	ECO:0000265	IEA	GO_REF:0000107	UniProtKB:Q16512|ensembl:ENSP00000242783	10090	Ensembl		F
UniProtKB	P70351	Ezh1	contributes_to	GO:0042393	histone binding	ECO:0000314	IDA	PMID:19026781		10090	ARUK-UCL	occurs_in(GO:0000792)	F
UniProtKB	P70399	Tp53bp1	enables	GO:0042393	histone binding	ECO:0000318	IBA	GO_REF:0000033	MGI:MGI:1351320|PANTHER:PTN001809041|SGD:S000002625|UniProtKB:Q12888	10090	GO_Central		F
UniProtKB	P70486	Atrx	enables	GO:0042393	histone binding	ECO:0000250	ISS	GO_REF:0000024	UniProtKB:Q61687	10116	UniProt		F
UniProtKB	P70486	Atrx	enables	GO:0042393	histone binding	ECO:0000266	ISO	GO_REF:0000096	MGI:MGI:103067	10116	RGD		F
UniProtKB	P70486	Atrx	enables	GO:0042393	histone binding	ECO:0000266	ISO	GO_REF:0000096	UniProtKB:P46100	10116	RGD		F
UniProtKB	P70696	H2bc1	enables	GO:0042393	histone binding	ECO:0000314	IDA	PMID:17261847		10090	MGI		F
UniProtKB	P70696	H2bc1	enables	GO:0042393	histone binding	ECO:0000353	IPI	PMID:17261847	PR:Q9CQ70	10090	MGI	has_input(PR:Q9CQ70)	F
UniProtKB	P70696	H2bc1	enables	GO:0042393	histone binding	ECO:0000353	IPI	PMID:28366643	UniProtKB:Q9CQ70	10090	UniProt		F
UniProtKB	P78364	PHC1	enables	GO:0042393	histone binding	ECO:0000318	IBA	GO_REF:0000033	FB:FBgn0032475|PANTHER:PTN000261772|UniProtKB:Q05BQ5|UniProtKB:Q5VUG0|UniProtKB:Q969R5|UniProtKB:Q9UHJ3|UniProtKB:Q9Y468	9606	GO_Central		F
UniProtKB	P97310	Mcm2	enables	GO:0042393	histone binding	ECO:0000501	IEA	GO_REF:0000120	ARBA:ARBA00028931|UniProtKB:P49736|ensembl:ENSP00000265056	10090	UniProt		F
UniProtKB	P97310	Mcm2	enables	GO:0042393	histone binding	ECO:0000314	IDA	PMID:11568184		10090	MGI		F
UniProtKB	P97496	Smarcc1	enables	GO:0042393	histone binding	ECO:0000318	IBA	GO_REF:0000033	PANTHER:PTN000301254|SGD:S000003712	10090	GO_Central		F
UniProtKB	P97822	Anp32e	enables	GO:0042393	histone binding	ECO:0000250	ISS	GO_REF:0000024	UniProtKB:Q9BTT0	10090	UniProt		F
UniProtKB	P97822	Anp32e	enables	GO:0042393	histone binding	ECO:0000318	IBA	GO_REF:0000033	PANTHER:PTN000146830|UniProtKB:Q92688|UniProtKB:Q9BTT0	10090	GO_Central		F
UniProtKB	P97822	Anp32e	enables	GO:0042393	histone binding	ECO:0000265	IEA	GO_REF:0000107	UniProtKB:Q9BTT0|ensembl:ENSP00000463154	10090	Ensembl		F
UniProtKB	Q00729	H2bc1	enables	GO:0042393	histone binding	ECO:0000266	ISO	GO_REF:0000096	MGI:MGI:2448375	10116	RGD		F
UniProtKB	Q00729	H2bc1	enables	GO:0042393	histone binding	ECO:0000265	IEA	GO_REF:0000107	UniProtKB:P70696|ensembl:ENSMUSP00000056604	10116	Ensembl		F
UniProtKB	Q01105	SET	enables	GO:0042393	histone binding	ECO:0000318	IBA	GO_REF:0000033	FB:FBgn0015268|FB:FBgn0267366|MGI:MGI:106654|PANTHER:PTN000221934|RGD:3912|SGD:S000001756|SGD:S000005190|TAIR:locus:2019075|TAIR:locus:2034995|TAIR:locus:2050424|TAIR:locus:2091591|TAIR:locus:2120785|TAIR:locus:2164595|UniProtKB:A0A1L8GUC2|UniProtKB:A0A8J0UN15|UniProtKB:Q8I2W3|UniProtKB:Q8I608	9606	GO_Central		F
UniProtKB	Q01105	SET	enables	GO:0042393	histone binding	ECO:0000304	TAS	PMID:11555662		9606	UniProt		F
UniProtKB	Q01534	TSPY1	enables	GO:0042393	histone binding	ECO:0000318	IBA	GO_REF:0000033	FB:FBgn0015268|FB:FBgn0267366|MGI:MGI:106654|PANTHER:PTN000221934|RGD:3912|SGD:S000001756|SGD:S000005190|TAIR:locus:2019075|TAIR:locus:2034995|TAIR:locus:2050424|TAIR:locus:2091591|TAIR:locus:2120785|TAIR:locus:2164595|UniProtKB:A0A1L8GUC2|UniProtKB:A0A8J0UN15|UniProtKB:Q8I2W3|UniProtKB:Q8I608	9606	GO_Central		F
UniProtKB	Q04931	Ssrp1	enables	GO:0042393	histone binding	ECO:0000318	IBA	GO_REF:0000033	PANTHER:PTN002492356|SGD:S000005150|dictyBase:DDB_G0290331	10116	GO_Central		F
UniProtKB	Q08943	Ssrp1	enables	GO:0042393	histone binding	ECO:0000318	IBA	GO_REF:0000033	PANTHER:PTN002492356|SGD:S000005150|dictyBase:DDB_G0290331	10090	GO_Central		F
UniProtKB	Q08945	SSRP1	enables	GO:0042393	histone binding	ECO:0000318	IBA	GO_REF:0000033	PANTHER:PTN002492356|SGD:S000005150|dictyBase:DDB_G0290331	9606	GO_Central		F
UniProtKB	Q09028	RBBP4	enables	GO:0042393	histone binding	ECO:0000318	IBA	GO_REF:0000033	FB:FBgn0263979|PANTHER:PTN000522733|SGD:S000000782|UniProtKB:Q09028|UniProtKB:Q16576|UniProtKB:Q8I238|UniProtKB:Q8ILD0	9606	GO_Central		F
UniProtKB	Q09028	RBBP4	enables	GO:0042393	histone binding	ECO:0000303	NAS	PMID:17827154		9606	BHF-UCL		F
UniProtKB	Q09028	RBBP4	enables	GO:0042393	histone binding	ECO:0000314	IDA	PMID:9651585		9606	UniProt		F
UniProtKB	Q09XV5	Chd8	enables	GO:0042393	histone binding	ECO:0000318	IBA	GO_REF:0000033	MGI:MGI:1915022|MGI:MGI:2448567|MGI:MGI:3036258|PANTHER:PTN002473914|SGD:S000000966	10090	GO_Central		F
UniProtKB	Q09XV5	Chd8	enables	GO:0042393	histone binding	ECO:0000256	IEA	GO_REF:0000104	UniRule:UR000369261	10090	UniProt		F
UniProtKB	Q09XV5	Chd8	enables	GO:0042393	histone binding	ECO:0000314	IDA	PMID:19151705		10090	UniProt		F
UniProtKB	Q09XV5	Chd8	enables	GO:0042393	histone binding	ECO:0000353	IPI	PMID:22083958	PR:P15864	10090	MGI	has_input(PR:P15864)	F
UniProtKB	Q12873	CHD3	enables	GO:0042393	histone binding	ECO:0000318	IBA	GO_REF:0000033	MGI:MGI:1915022|MGI:MGI:2448567|MGI:MGI:3036258|PANTHER:PTN002473914|SGD:S000000966	9606	GO_Central		F
UniProtKB	Q12888	TP53BP1	enables	GO:0042393	histone binding	ECO:0000318	IBA	GO_REF:0000033	MGI:MGI:1351320|PANTHER:PTN001809041|SGD:S000002625|UniProtKB:Q12888	9606	GO_Central		F
UniProtKB	Q13112	CHAF1B	enables	GO:0042393	histone binding	ECO:0000303	NAS	PMID:7600578		9606	UniProt		F
UniProtKB	Q14839	CHD4	enables	GO:0042393	histone binding	ECO:0000318	IBA	GO_REF:0000033	MGI:MGI:1915022|MGI:MGI:2448567|MGI:MGI:3036258|PANTHER:PTN002473914|SGD:S000000966	9606	GO_Central		F
UniProtKB	Q15020	SART3	enables	GO:0042393	histone binding	ECO:0000314	IDA	PMID:24526689		9606	UniProt		F
UniProtKB	Q15021	NCAPD2	enables	GO:0042393	histone binding	ECO:0000318	IBA	GO_REF:0000033	PANTHER:PTN000368592|UniProtKB:Q15021	9606	GO_Central		F
UniProtKB	Q15021	NCAPD2	enables	GO:0042393	histone binding	ECO:0000303	NAS	PMID:10958694		9606	UniProt		F
UniProtKB	Q15021	NCAPD2	enables	GO:0042393	histone binding	ECO:0000314	IDA	PMID:12138188		9606	UniProt		F
UniProtKB	Q15059	BRD3	enables	GO:0042393	histone binding	ECO:0000318	IBA	GO_REF:0000033	FB:FBgn0004656|PANTHER:PTN002914388|TAIR:locus:2032692|UniProtKB:O60885|UniProtKB:Q15059|UniProtKB:Q58F21	9606	GO_Central		F
UniProtKB	Q15059	BRD3	enables	GO:0042393	histone binding	ECO:0000256	IEA	GO_REF:0000117	ARBA:ARBA00028931	9606	UniProt		F
UniProtKB	Q15109	AGER	enables	GO:0042393	histone binding	ECO:0000314	IDA	PMID:35974093		9606	UniProt		F
UniProtKB	Q15291	RBBP5	enables	GO:0042393	histone binding	ECO:0000314	IDA	PMID:15960975		9606	UniProt		F
UniProtKB	Q15906	VPS72	enables	GO:0042393	histone binding	ECO:0000265	IEA	GO_REF:0000107	UniProtKB:Q62481|ensembl:ENSMUSP00000009102	9606	Ensembl		F
UniProtKB	Q15906	VPS72	enables	GO:0042393	histone binding	ECO:0000353	IPI	PMID:26974126	UniProtKB:P06899,UniProtKB:P0C0S5	9606	UniProt		F
UniProtKB	Q15910	EZH2	enables	GO:0042393	histone binding	ECO:0000314	IDA	PMID:33479123		9606	DisProt	has_input(UniProtKB:P84233)	F
UniProtKB	Q16512	PKN1	enables	GO:0042393	histone binding	ECO:0000314	IDA	PMID:18066052		9606	UniProt		F
UniProtKB	Q16576	RBBP7	enables	GO:0042393	histone binding	ECO:0000318	IBA	GO_REF:0000033	FB:FBgn0263979|PANTHER:PTN000522733|SGD:S000000782|UniProtKB:Q09028|UniProtKB:Q16576|UniProtKB:Q8I238|UniProtKB:Q8ILD0	9606	GO_Central		F
UniProtKB	Q16576	RBBP7	enables	GO:0042393	histone binding	ECO:0000314	IDA	PMID:9651585		9606	UniProt		F
UniProtKB	Q1RNF8	Samd11	enables	GO:0042393	histone binding	ECO:0000318	IBA	GO_REF:0000033	FB:FBgn0032475|PANTHER:PTN000261772|UniProtKB:Q05BQ5|UniProtKB:Q5VUG0|UniProtKB:Q969R5|UniProtKB:Q9UHJ3|UniProtKB:Q9Y468	10090	GO_Central		F
UniProtKB	Q2KJ09	Usp16	enables	GO:0042393	histone binding	ECO:0000250	ISS	GO_REF:0000024	UniProtKB:Q9Y5T5	10116	UniProt		F
UniProtKB	Q2KJ09	Usp16	enables	GO:0042393	histone binding	ECO:0000266	ISO	GO_REF:0000096	UniProtKB:Q9Y5T5	10116	RGD		F
UniProtKB	Q2KJ09	Usp16	enables	GO:0042393	histone binding	ECO:0000501	IEA	GO_REF:0000120	UniProtKB:Q9Y5T5|ensembl:ENSP00000382858|UniRule:UR000160894	10116	UniProt		F
UniProtKB	Q3MIF2	L3mbtl2	enables	GO:0042393	histone binding	ECO:0000266	ISO	GO_REF:0000096	UniProtKB:Q969R5	10116	RGD		F
UniProtKB	Q3TKT4	Smarca4	enables	GO:0042393	histone binding	ECO:0000256	IEA	GO_REF:0000002	InterPro:IPR029295	10090	InterPro		F
UniProtKB	Q3TUF7	Yeats2	enables	GO:0042393	histone binding	ECO:0000250	ISS	GO_REF:0000024	UniProtKB:Q9ULM3	10090	UniProt		F
UniProtKB	Q3TUF7	Yeats2	enables	GO:0042393	histone binding	ECO:0000318	IBA	GO_REF:0000033	PANTHER:PTN000574151|UniProtKB:Q9ULM3	10090	GO_Central		F
UniProtKB	Q3TUF7	Yeats2	enables	GO:0042393	histone binding	ECO:0000265	IEA	GO_REF:0000107	UniProtKB:Q9ULM3|ensembl:ENSP00000306983	10090	Ensembl		F
UniProtKB	Q3UIR3	Dtx3l	enables	GO:0042393	histone binding	ECO:0000250	ISS	GO_REF:0000024	UniProtKB:Q8TDB6	10090	UniProt		F
UniProtKB	Q3UIR3	Dtx3l	enables	GO:0042393	histone binding	ECO:0000265	IEA	GO_REF:0000107	UniProtKB:Q8TDB6|ensembl:ENSP00000296161	10090	Ensembl		F
UniProtKB	Q3UXZ9	Kdm5a	enables	GO:0042393	histone binding	ECO:0000250	ISS	GO_REF:0000024	UniProtKB:P29375	10090	UniProt		F
UniProtKB	Q3UXZ9	Kdm5a	enables	GO:0042393	histone binding	ECO:0000265	IEA	GO_REF:0000107	UniProtKB:P29375|ensembl:ENSP00000382688	10090	Ensembl		F
UniProtKB	Q498M4	Wdr5	enables	GO:0042393	histone binding	ECO:0000318	IBA	GO_REF:0000033	PANTHER:PTN001483578|TAIR:locus:2097435	10116	GO_Central		F
UniProtKB	Q49A26	GLYR1	enables	GO:0042393	histone binding	ECO:0000314	IDA	PMID:20850016		9606	GO_Central		F
UniProtKB	Q49A26	GLYR1	enables	GO:0042393	histone binding	ECO:0000314	IDA	PMID:23260659		9606	UniProt		F
UniProtKB	Q4KLN8	Rnf8	enables	GO:0042393	histone binding	ECO:0000250	ISS	GO_REF:0000024	UniProtKB:O76064	10116	UniProt		F
UniProtKB	Q4KLN8	Rnf8	enables	GO:0042393	histone binding	ECO:0000318	IBA	GO_REF:0000033	MGI:MGI:1929069|PANTHER:PTN001030724|UniProtKB:O76064	10116	GO_Central		F
UniProtKB	Q4KLN8	Rnf8	enables	GO:0042393	histone binding	ECO:0000266	ISO	GO_REF:0000096	MGI:MGI:1929069	10116	RGD		F
UniProtKB	Q4KLN8	Rnf8	enables	GO:0042393	histone binding	ECO:0000266	ISO	GO_REF:0000096	UniProtKB:O76064	10116	RGD		F
UniProtKB	Q4KLN8	Rnf8	enables	GO:0042393	histone binding	ECO:0000501	IEA	GO_REF:0000120	ARBA:ARBA00028931|UniRule:UR000369684	10116	UniProt		F
UniProtKB	Q4V7F5	Pih1d1	enables	GO:0042393	histone binding	ECO:0000266	ISO	GO_REF:0000096	UniProtKB:Q9NWS0	10116	RGD		F
UniProtKB	Q4V7F5	Pih1d1	enables	GO:0042393	histone binding	ECO:0000265	IEA	GO_REF:0000107	UniProtKB:Q9NWS0|ensembl:ENSP00000262265	10116	Ensembl		F
UniProtKB	Q4V8C4	Wdr5b	enables	GO:0042393	histone binding	ECO:0000318	IBA	GO_REF:0000033	PANTHER:PTN001483578|TAIR:locus:2097435	10116	GO_Central		F
UniProtKB	Q58F21	BRDT	enables	GO:0042393	histone binding	ECO:0000318	IBA	GO_REF:0000033	FB:FBgn0004656|PANTHER:PTN002914388|TAIR:locus:2032692|UniProtKB:O60885|UniProtKB:Q15059|UniProtKB:Q58F21	9606	GO_Central		F
UniProtKB	Q58F21	BRDT	enables	GO:0042393	histone binding	ECO:0000501	IEA	GO_REF:0000120	ARBA:ARBA00028931|UniProtKB:Q91Y44|ensembl:ENSMUSP00000031215	9606	UniProt		F
UniProtKB	Q58F21	BRDT	enables	GO:0042393	histone binding	ECO:0000314	IDA	PMID:22464331		9606	UniProt		F
UniProtKB	Q5BJL5	Sbno1	enables	GO:0042393	histone binding	ECO:0000318	IBA	GO_REF:0000033	PANTHER:PTN000295173|TAIR:locus:2207365	10116	GO_Central		F
UniProtKB	Q5DTM8	Rnf20	enables	GO:0042393	histone binding	ECO:0000265	IEA	GO_REF:0000107	UniProtKB:Q5VTR2|ensembl:ENSP00000373772	10090	Ensembl		F
UniProtKB	Q5DTW2	Sfmbt2	enables	GO:0042393	histone binding	ECO:0000256	IEA	GO_REF:0000002	InterPro:IPR037604	10090	InterPro		F
UniProtKB	Q5DTW2	Sfmbt2	enables	GO:0042393	histone binding	ECO:0000250	ISS	GO_REF:0000024	UniProtKB:Q5VUG0	10090	UniProt		F
UniProtKB	Q5DTW2	Sfmbt2	enables	GO:0042393	histone binding	ECO:0000318	IBA	GO_REF:0000033	FB:FBgn0032475|PANTHER:PTN000261772|UniProtKB:Q05BQ5|UniProtKB:Q5VUG0|UniProtKB:Q969R5|UniProtKB:Q9UHJ3|UniProtKB:Q9Y468	10090	GO_Central		F
UniProtKB	Q5M939	Hat1	enables	GO:0042393	histone binding	ECO:0000256	IEA	GO_REF:0000002	InterPro:IPR013523	10116	InterPro		F
UniProtKB	Q5PQK4	Uimc1	enables	GO:0042393	histone binding	ECO:0000250	ISS	GO_REF:0000024	UniProtKB:Q96RL1	10116	UniProt		F
UniProtKB	Q5PQK4	Uimc1	enables	GO:0042393	histone binding	ECO:0000318	IBA	GO_REF:0000033	PANTHER:PTN001439928|UniProtKB:Q96RL1	10116	GO_Central		F
UniProtKB	Q5PQK4	Uimc1	enables	GO:0042393	histone binding	ECO:0000266	ISO	GO_REF:0000096	UniProtKB:Q96RL1	10116	RGD		F
UniProtKB	Q5RKH0	Glyr1	enables	GO:0042393	histone binding	ECO:0000250	ISS	GO_REF:0000024	UniProtKB:Q49A26	10116	UniProt		F
UniProtKB	Q5RKH0	Glyr1	enables	GO:0042393	histone binding	ECO:0000266	ISO	GO_REF:0000096	UniProtKB:Q49A26	10116	RGD		F
UniProtKB	Q5SQF8	Sap30l	enables	GO:0042393	histone binding	ECO:0000250	ISS	GO_REF:0000024	UniProtKB:Q9HAJ7	10090	UniProt		F
UniProtKB	Q5SQF8	Sap30l	enables	GO:0042393	histone binding	ECO:0000265	IEA	GO_REF:0000107	UniProtKB:Q9HAJ7|ensembl:ENSP00000297109	10090	Ensembl		F
UniProtKB	Q5SSH7	Zzef1	enables	GO:0042393	histone binding	ECO:0000250	ISS	GO_REF:0000024	UniProtKB:O43149	10090	UniProt		F
UniProtKB	Q5U2Z3	Nap1l4	enables	GO:0042393	histone binding	ECO:0000318	IBA	GO_REF:0000033	FB:FBgn0015268|FB:FBgn0267366|MGI:MGI:106654|PANTHER:PTN000221934|RGD:3912|SGD:S000001756|SGD:S000005190|TAIR:locus:2019075|TAIR:locus:2034995|TAIR:locus:2050424|TAIR:locus:2091591|TAIR:locus:2120785|TAIR:locus:2164595|UniProtKB:A0A1L8GUC2|UniProtKB:A0A8J0UN15|UniProtKB:Q8I2W3|UniProtKB:Q8I608	10116	GO_Central		F
UniProtKB	Q5U4E8	Prmt7	enables	GO:0042393	histone binding	ECO:0000266	ISO	GO_REF:0000096	UniProtKB:Q9NVM4	10116	RGD		F
UniProtKB	Q5U4E8	Prmt7	enables	GO:0042393	histone binding	ECO:0000265	IEA	GO_REF:0000107	UniProtKB:Q9NVM4|ensembl:ENSP00000409324	10116	Ensembl		F
UniProtKB	Q5U5Q9	Uimc1	enables	GO:0042393	histone binding	ECO:0000250	ISS	GO_REF:0000024	UniProtKB:Q96RL1	10090	UniProt		F
UniProtKB	Q5U5Q9	Uimc1	enables	GO:0042393	histone binding	ECO:0000318	IBA	GO_REF:0000033	PANTHER:PTN001439928|UniProtKB:Q96RL1	10090	GO_Central		F
UniProtKB	Q5VTR2	RNF20	enables	GO:0042393	histone binding	ECO:0000314	IDA	PMID:16337599		9606	UniProt		F
UniProtKB	Q5VUG0	SFMBT2	enables	GO:0042393	histone binding	ECO:0000318	IBA	GO_REF:0000033	FB:FBgn0032475|PANTHER:PTN000261772|UniProtKB:Q05BQ5|UniProtKB:Q5VUG0|UniProtKB:Q969R5|UniProtKB:Q9UHJ3|UniProtKB:Q9Y468	9606	GO_Central		F
UniProtKB	Q5VUG0	SFMBT2	enables	GO:0042393	histone binding	ECO:0000501	IEA	GO_REF:0000120	ARBA:ARBA00028931|InterPro:IPR037604	9606	UniProt		F
UniProtKB	Q5VUG0	SFMBT2	enables	GO:0042393	histone binding	ECO:0000314	IDA	PMID:23385818		9606	UniProt		F
UniProtKB	Q5VVJ2	MYSM1	enables	GO:0042393	histone binding	ECO:0000318	IBA	GO_REF:0000033	PANTHER:PTN000980845|UniProtKB:Q5VVJ2	9606	GO_Central		F
UniProtKB	Q5VVJ2	MYSM1	enables	GO:0042393	histone binding	ECO:0000314	IDA	PMID:17707232		9606	UniProt		F
UniProtKB	Q5XI13	Grwd1	enables	GO:0042393	histone binding	ECO:0000250	ISS	GO_REF:0000024	UniProtKB:Q9BQ67	10116	UniProt		F
UniProtKB	Q5XI13	Grwd1	enables	GO:0042393	histone binding	ECO:0000266	ISO	GO_REF:0000096	UniProtKB:Q9BQ67	10116	RGD		F
UniProtKB	Q5XIE0	Anp32e	enables	GO:0042393	histone binding	ECO:0000250	ISS	GO_REF:0000024	UniProtKB:Q9BTT0	10116	UniProt		F
UniProtKB	Q5XIE0	Anp32e	enables	GO:0042393	histone binding	ECO:0000318	IBA	GO_REF:0000033	PANTHER:PTN000146830|UniProtKB:Q92688|UniProtKB:Q9BTT0	10116	GO_Central		F
UniProtKB	Q5XIE0	Anp32e	enables	GO:0042393	histone binding	ECO:0000266	ISO	GO_REF:0000096	UniProtKB:Q9BTT0	10116	RGD		F
UniProtKB	Q5XII5	Wrap53	enables	GO:0042393	histone binding	ECO:0000266	ISO	GO_REF:0000096	UniProtKB:Q9BUR4	10116	RGD		F
UniProtKB	Q5XII5	Wrap53	enables	GO:0042393	histone binding	ECO:0000265	IEA	GO_REF:0000107	UniProtKB:Q9BUR4|ensembl:ENSP00000379727	10116	Ensembl		F
UniProtKB	Q60972	Rbbp4	enables	GO:0042393	histone binding	ECO:0000318	IBA	GO_REF:0000033	FB:FBgn0263979|PANTHER:PTN000522733|SGD:S000000782|UniProtKB:Q09028|UniProtKB:Q16576|UniProtKB:Q8I238|UniProtKB:Q8ILD0	10090	GO_Central		F
UniProtKB	Q60972	Rbbp4	enables	GO:0042393	histone binding	ECO:0000265	IEA	GO_REF:0000107	UniProtKB:Q09028|ensembl:ENSP00000362592	10090	Ensembl		F
UniProtKB	Q60973	Rbbp7	enables	GO:0042393	histone binding	ECO:0000318	IBA	GO_REF:0000033	FB:FBgn0263979|PANTHER:PTN000522733|SGD:S000000782|UniProtKB:Q09028|UniProtKB:Q16576|UniProtKB:Q8I238|UniProtKB:Q8ILD0	10090	GO_Central		F
UniProtKB	Q60973	Rbbp7	enables	GO:0042393	histone binding	ECO:0000265	IEA	GO_REF:0000107	UniProtKB:Q16576|ensembl:ENSP00000369427	10090	Ensembl		F
UniProtKB	Q61188	Ezh2	enables	GO:0042393	histone binding	ECO:0000265	IEA	GO_REF:0000107	UniProtKB:Q15910|ensembl:ENSP00000320147	10090	Ensembl		F
UniProtKB	Q61666	Hira	enables	GO:0042393	histone binding	ECO:0000265	IEA	GO_REF:0000107	UniProtKB:P54198|ensembl:ENSP00000263208	10090	Ensembl		F
UniProtKB	Q61687	Atrx	enables	GO:0042393	histone binding	ECO:0000501	IEA	GO_REF:0000120	ARBA:ARBA00028931|UniProtKB:P46100|ensembl:ENSP00000362441	10090	UniProt		F
UniProtKB	Q61687	Atrx	enables	GO:0042393	histone binding	ECO:0000353	IPI	PMID:20110566	UniProtKB:P84243	10090	BHF-UCL		F
UniProtKB	Q61687	Atrx	enables	GO:0042393	histone binding	ECO:0000314	IDA	PMID:20211137		10090	UniProt		F
UniProtKB	Q61937	Npm1	enables	GO:0042393	histone binding	ECO:0000318	IBA	GO_REF:0000033	FB:FBgn0016685|FB:FBgn0039735|PANTHER:PTN001100765|UniProtKB:P06748	10090	GO_Central		F
UniProtKB	Q61937	Npm1	enables	GO:0042393	histone binding	ECO:0000265	IEA	GO_REF:0000107	UniProtKB:P06748|ensembl:ENSP00000296930	10090	Ensembl		F
UniProtKB	Q62120	Jak2	enables	GO:0042393	histone binding	ECO:0000256	IEA	GO_REF:0000002	InterPro:IPR020693	10090	InterPro		F
UniProtKB	Q62151	Ager	enables	GO:0042393	histone binding	ECO:0000250	ISS	GO_REF:0000024	UniProtKB:Q15109	10090	UniProt		F
UniProtKB	Q62151	Ager	enables	GO:0042393	histone binding	ECO:0000265	IEA	GO_REF:0000107	UniProtKB:Q15109|ensembl:ENSP00000364217	10090	Ensembl		F
UniProtKB	Q62383	Supt6h	enables	GO:0042393	histone binding	ECO:0000250	ISS	GO_REF:0000024	UniProtKB:Q7KZ85	10090	UniProt		F
UniProtKB	Q62383	Supt6h	enables	GO:0042393	histone binding	ECO:0000318	IBA	GO_REF:0000033	PANTHER:PTN000015765|SGD:S000003348|UniProtKB:Q7KZ85	10090	GO_Central		F
UniProtKB	Q62383	Supt6h	enables	GO:0042393	histone binding	ECO:0000265	IEA	GO_REF:0000107	UniProtKB:Q7KZ85|ensembl:ENSP00000319104	10090	Ensembl		F
UniProtKB	Q62481	Vps72	enables	GO:0042393	histone binding	ECO:0000265	IEA	GO_REF:0000107	UniProtKB:Q15906|ensembl:ENSP00000357887	10090	Ensembl		F
UniProtKB	Q62481	Vps72	enables	GO:0042393	histone binding	ECO:0000353	IPI	PMID:30842416	UniProtKB:P0C0S6	10090	UniProt		F
UniProtKB	Q62689	Jak2	enables	GO:0042393	histone binding	ECO:0000256	IEA	GO_REF:0000002	InterPro:IPR020693	10116	InterPro		F
UniProtKB	Q63060	Gk	enables	GO:0042393	histone binding	ECO:0000314	IDA	PMID:2912694		10116	RGD		F
UniProtKB	Q63433	Pkn1	enables	GO:0042393	histone binding	ECO:0000250	ISS	GO_REF:0000024	UniProtKB:Q16512	10116	UniProt		F
UniProtKB	Q63433	Pkn1	enables	GO:0042393	histone binding	ECO:0000266	ISO	GO_REF:0000096	UniProtKB:Q16512	10116	RGD		F
UniProtKB	Q63495	Ager	enables	GO:0042393	histone binding	ECO:0000250	ISS	GO_REF:0000024	UniProtKB:Q15109	10116	UniProt		F
UniProtKB	Q63495	Ager	enables	GO:0042393	histone binding	ECO:0000266	ISO	GO_REF:0000096	UniProtKB:Q15109	10116	RGD		F
UniProtKB	Q63945	Set	enables	GO:0042393	histone binding	ECO:0000318	IBA	GO_REF:0000033	FB:FBgn0015268|FB:FBgn0267366|MGI:MGI:106654|PANTHER:PTN000221934|RGD:3912|SGD:S000001756|SGD:S000005190|TAIR:locus:2019075|TAIR:locus:2034995|TAIR:locus:2050424|TAIR:locus:2091591|TAIR:locus:2120785|TAIR:locus:2164595|UniProtKB:A0A1L8GUC2|UniProtKB:A0A8J0UN15|UniProtKB:Q8I2W3|UniProtKB:Q8I608	10116	GO_Central		F
UniProtKB	Q64028	Phc1	enables	GO:0042393	histone binding	ECO:0000318	IBA	GO_REF:0000033	FB:FBgn0032475|PANTHER:PTN000261772|UniProtKB:Q05BQ5|UniProtKB:Q5VUG0|UniProtKB:Q969R5|UniProtKB:Q9UHJ3|UniProtKB:Q9Y468	10090	GO_Central		F
UniProtKB	Q64G17	Anp32c	enables	GO:0042393	histone binding	ECO:0000318	IBA	GO_REF:0000033	PANTHER:PTN000146830|UniProtKB:Q92688|UniProtKB:Q9BTT0	10090	GO_Central		F
UniProtKB	Q66HD3	Nasp	enables	GO:0042393	histone binding	ECO:0000250	ISS	GO_REF:0000024	UniProtKB:P49321	10116	UniProt		F
UniProtKB	Q66HD3	Nasp	enables	GO:0042393	histone binding	ECO:0000318	IBA	GO_REF:0000033	MGI:MGI:1355328|PANTHER:PTN000386890|TAIR:locus:2115045|UniProtKB:P49321	10116	GO_Central		F
UniProtKB	Q66HD3	Nasp	enables	GO:0042393	histone binding	ECO:0000266	ISO	GO_REF:0000096	MGI:MGI:1355328	10116	RGD		F
UniProtKB	Q66HD3	Nasp	enables	GO:0042393	histone binding	ECO:0000266	ISO	GO_REF:0000096	UniProtKB:P49321	10116	RGD		F
UniProtKB	Q66HD3	Nasp	enables	GO:0042393	histone binding	ECO:0000265	IEA	GO_REF:0000107	UniProtKB:P49321|ensembl:ENSP00000255120	10116	Ensembl		F
UniProtKB	Q689Z5	Sbno1	enables	GO:0042393	histone binding	ECO:0000318	IBA	GO_REF:0000033	PANTHER:PTN000295173|TAIR:locus:2207365	10090	GO_Central		F
UniProtKB	Q68D10	SPTY2D1	enables	GO:0042393	histone binding	ECO:0000318	IBA	GO_REF:0000033	PANTHER:PTN000505877|UniProtKB:E1BUG7|UniProtKB:Q68D10	9606	GO_Central		F
UniProtKB	Q68D10	SPTY2D1	enables	GO:0042393	histone binding	ECO:0000314	IDA	PMID:23378026		9606	UniProt		F
UniProtKB	Q68FG3	Spty2d1	enables	GO:0042393	histone binding	ECO:0000250	ISS	GO_REF:0000024	UniProtKB:Q68D10	10090	UniProt		F
UniProtKB	Q68FG3	Spty2d1	enables	GO:0042393	histone binding	ECO:0000318	IBA	GO_REF:0000033	PANTHER:PTN000505877|UniProtKB:E1BUG7|UniProtKB:Q68D10	10090	GO_Central		F
UniProtKB	Q68FG3	Spty2d1	enables	GO:0042393	histone binding	ECO:0000265	IEA	GO_REF:0000107	UniProtKB:Q68D10|ensembl:ENSP00000337991	10090	Ensembl		F
UniProtKB	Q69Z61	Pwwp2a	enables	GO:0042393	histone binding	ECO:0000318	IBA	GO_REF:0000033	PANTHER:PTN002747430|UniProtKB:Q96N64	10090	GO_Central		F
UniProtKB	Q69Z61	Pwwp2a	enables	GO:0042393	histone binding	ECO:0000265	IEA	GO_REF:0000107	UniProtKB:Q96N64|ensembl:ENSP00000305151	10090	Ensembl		F
UniProtKB	Q69Z66	Mysm1	enables	GO:0042393	histone binding	ECO:0000250	ISS	GO_REF:0000024	UniProtKB:Q5VVJ2	10090	UniProt		F
UniProtKB	Q69Z66	Mysm1	enables	GO:0042393	histone binding	ECO:0000318	IBA	GO_REF:0000033	PANTHER:PTN000980845|UniProtKB:Q5VVJ2	10090	GO_Central		F
UniProtKB	Q69Z66	Mysm1	enables	GO:0042393	histone binding	ECO:0000265	IEA	GO_REF:0000107	UniProtKB:Q5VVJ2|ensembl:ENSP00000418734	10090	Ensembl		F
UniProtKB	Q69ZB3	Tspyl5	enables	GO:0042393	histone binding	ECO:0000318	IBA	GO_REF:0000033	FB:FBgn0015268|FB:FBgn0267366|MGI:MGI:106654|PANTHER:PTN000221934|RGD:3912|SGD:S000001756|SGD:S000005190|TAIR:locus:2019075|TAIR:locus:2034995|TAIR:locus:2050424|TAIR:locus:2091591|TAIR:locus:2120785|TAIR:locus:2164595|UniProtKB:A0A1L8GUC2|UniProtKB:A0A8J0UN15|UniProtKB:Q8I2W3|UniProtKB:Q8I608	10090	GO_Central		F
UniProtKB	Q69ZX6	Morc2a	enables	GO:0042393	histone binding	ECO:0000315	IMP	PMID:29728365		10090	UniProt		F
UniProtKB	Q6AXS3	Dek	enables	GO:0042393	histone binding	ECO:0000318	IBA	GO_REF:0000033	PANTHER:PTN000336336|TAIR:locus:2133847|UniProtKB:P35659	10116	GO_Central		F
UniProtKB	Q6AXS3	Dek	enables	GO:0042393	histone binding	ECO:0000266	ISO	GO_REF:0000096	UniProtKB:P35659	10116	RGD		F
UniProtKB	Q6DIC0	Smarca2	enables	GO:0042393	histone binding	ECO:0000256	IEA	GO_REF:0000002	InterPro:IPR029295	10090	InterPro		F
UniProtKB	Q6KAQ7	Zzz3	enables	GO:0042393	histone binding	ECO:0000250	ISS	GO_REF:0000024	UniProtKB:Q8IYH5	10090	UniProt		F
UniProtKB	Q6KAQ7	Zzz3	enables	GO:0042393	histone binding	ECO:0000265	IEA	GO_REF:0000107	UniProtKB:Q8IYH5|ensembl:ENSP00000359837	10090	Ensembl		F
UniProtKB	Q6NZB1	Prmt6	enables	GO:0042393	histone binding	ECO:0000250	ISS	GO_REF:0000024	UniProtKB:Q96LA8	10090	UniProt		F
UniProtKB	Q6NZB1	Prmt6	enables	GO:0042393	histone binding	ECO:0000265	IEA	GO_REF:0000107	UniProtKB:Q96LA8|ensembl:ENSP00000359095	10090	Ensembl		F
UniProtKB	Q6NZL6	Tonsl	enables	GO:0042393	histone binding	ECO:0000250	ISS	GO_REF:0000024	UniProtKB:Q96HA7	10090	UniProt		F
UniProtKB	Q6P9L4	Usp49	enables	GO:0042393	histone binding	ECO:0000250	ISS	GO_REF:0000024	UniProtKB:Q70CQ1	10090	UniProt		F
UniProtKB	Q6P9L4	Usp49	enables	GO:0042393	histone binding	ECO:0000265	IEA	GO_REF:0000107	UniProtKB:Q70CQ1|ensembl:ENSP00000507239	10090	Ensembl		F
UniProtKB	Q6PDG5	Smarcc2	enables	GO:0042393	histone binding	ECO:0000318	IBA	GO_REF:0000033	PANTHER:PTN000301254|SGD:S000003712	10090	GO_Central		F
UniProtKB	Q6PDQ2	Chd4	enables	GO:0042393	histone binding	ECO:0000318	IBA	GO_REF:0000033	MGI:MGI:1915022|MGI:MGI:2448567|MGI:MGI:3036258|PANTHER:PTN002473914|SGD:S000000966	10090	GO_Central		F
UniProtKB	Q6PFX9	Tnks	enables	GO:0042393	histone binding	ECO:0000265	IEA	GO_REF:0000107	UniProtKB:O95271|ensembl:ENSP00000311579	10090	Ensembl		F
UniProtKB	Q6PG16	Hjurp	enables	GO:0042393	histone binding	ECO:0000256	IEA	GO_REF:0000002	InterPro:IPR018465	10090	InterPro		F
UniProtKB	Q6PG16	Hjurp	enables	GO:0042393	histone binding	ECO:0000318	IBA	GO_REF:0000033	PANTHER:PTN002312719|UniProtKB:Q8NCD3	10090	GO_Central		F
UniProtKB	Q6PL18	ATAD2	enables	GO:0042393	histone binding	ECO:0000318	IBA	GO_REF:0000033	PANTHER:PTN000552695|PomBase:SPAC31G5.19|SGD:S000003502|TAIR:locus:2198748|UniProtKB:Q9ULI0	9606	GO_Central		F
UniProtKB	Q6Q783	Kmt5c	enables	GO:0042393	histone binding	ECO:0000314	IDA	PMID:24049080		10090	UniProt		F
UniProtKB	Q6ZPV2	Ino80	enables	GO:0042393	histone binding	ECO:0000318	IBA	GO_REF:0000033	PANTHER:PTN002904112|TAIR:locus:2082608	10090	GO_Central		F
UniProtKB	Q6ZQK0	Ncapd3	enables	GO:0042393	histone binding	ECO:0000318	IBA	GO_REF:0000033	PANTHER:PTN000368592|UniProtKB:Q15021	10090	GO_Central		F
UniProtKB	Q6ZRS2	SRCAP	enables	GO:0042393	histone binding	ECO:0000318	IBA	GO_REF:0000033	PANTHER:PTN002904112|TAIR:locus:2082608	9606	GO_Central		F
UniProtKB	Q70CQ1	USP49	enables	GO:0042393	histone binding	ECO:0000314	IDA	PMID:23824326		9606	UniProt		F
UniProtKB	Q70EK9	USP51	enables	GO:0042393	histone binding	ECO:0000314	IDA	PMID:27083998		9606	UniProt		F
UniProtKB	Q71UF4	Rbbp7	enables	GO:0042393	histone binding	ECO:0000318	IBA	GO_REF:0000033	FB:FBgn0263979|PANTHER:PTN000522733|SGD:S000000782|UniProtKB:Q09028|UniProtKB:Q16576|UniProtKB:Q8I238|UniProtKB:Q8ILD0	10116	GO_Central		F
UniProtKB	Q71UF4	Rbbp7	enables	GO:0042393	histone binding	ECO:0000266	ISO	GO_REF:0000096	UniProtKB:Q16576	10116	RGD		F
UniProtKB	Q71UF4	Rbbp7	enables	GO:0042393	histone binding	ECO:0000265	IEA	GO_REF:0000107	UniProtKB:Q16576|ensembl:ENSP00000369427	10116	Ensembl		F
UniProtKB	Q78ZA7	Nap1l4	enables	GO:0042393	histone binding	ECO:0000318	IBA	GO_REF:0000033	FB:FBgn0015268|FB:FBgn0267366|MGI:MGI:106654|PANTHER:PTN000221934|RGD:3912|SGD:S000001756|SGD:S000005190|TAIR:locus:2019075|TAIR:locus:2034995|TAIR:locus:2050424|TAIR:locus:2091591|TAIR:locus:2120785|TAIR:locus:2164595|UniProtKB:A0A1L8GUC2|UniProtKB:A0A8J0UN15|UniProtKB:Q8I2W3|UniProtKB:Q8I608	10090	GO_Central		F
UniProtKB	Q794H2	Nap1l3	enables	GO:0042393	histone binding	ECO:0000318	IBA	GO_REF:0000033	FB:FBgn0015268|FB:FBgn0267366|MGI:MGI:106654|PANTHER:PTN000221934|RGD:3912|SGD:S000001756|SGD:S000005190|TAIR:locus:2019075|TAIR:locus:2034995|TAIR:locus:2050424|TAIR:locus:2091591|TAIR:locus:2120785|TAIR:locus:2164595|UniProtKB:A0A1L8GUC2|UniProtKB:A0A8J0UN15|UniProtKB:Q8I2W3|UniProtKB:Q8I608	10090	GO_Central		F
UniProtKB	Q7KZ85	SUPT6H	enables	GO:0042393	histone binding	ECO:0000318	IBA	GO_REF:0000033	PANTHER:PTN000015765|SGD:S000003348|UniProtKB:Q7KZ85	9606	GO_Central		F
UniProtKB	Q7KZ85	SUPT6H	enables	GO:0042393	histone binding	ECO:0000314	IDA	PMID:10933715		9606	UniProt		F
UniProtKB	Q7TMI3	Uhrf2	enables	GO:0042393	histone binding	ECO:0000256	IEA	GO_REF:0000117	ARBA:ARBA00028931	10090	UniProt		F
UniProtKB	Q7TMI3	Uhrf2	enables	GO:0042393	histone binding	ECO:0000314	IDA	PMID:21598301		10090	UniProt		F
UniProtKB	Q7TNB8	Sbno2	enables	GO:0042393	histone binding	ECO:0000318	IBA	GO_REF:0000033	PANTHER:PTN000295173|TAIR:locus:2207365	10090	GO_Central		F
UniProtKB	Q7TNV0	Dek	enables	GO:0042393	histone binding	ECO:0000318	IBA	GO_REF:0000033	PANTHER:PTN000336336|TAIR:locus:2133847|UniProtKB:P35659	10090	GO_Central		F
UniProtKB	Q7TNV0	Dek	enables	GO:0042393	histone binding	ECO:0000265	IEA	GO_REF:0000107	UniProtKB:P35659|ensembl:ENSP00000498653	10090	Ensembl		F
UniProtKB	Q7TPK1	Uhrf1	enables	GO:0042393	histone binding	ECO:0000250	ISS	GO_REF:0000024	UniProtKB:Q96T88	10116	UniProt		F
UniProtKB	Q7TPK1	Uhrf1	enables	GO:0042393	histone binding	ECO:0000266	ISO	GO_REF:0000096	MGI:MGI:1338889	10116	RGD		F
UniProtKB	Q7TPK1	Uhrf1	enables	GO:0042393	histone binding	ECO:0000266	ISO	GO_REF:0000096	UniProtKB:Q96T88	10116	RGD		F
UniProtKB	Q7TQ20	Dnajc2	enables	GO:0042393	histone binding	ECO:0000250	ISS	GO_REF:0000024	UniProtKB:Q99543	10116	UniProt		F
UniProtKB	Q7TQ20	Dnajc2	enables	GO:0042393	histone binding	ECO:0000266	ISO	GO_REF:0000096	UniProtKB:Q99543	10116	RGD		F
UniProtKB	Q7TQI8	Tspyl2	enables	GO:0042393	histone binding	ECO:0000318	IBA	GO_REF:0000033	FB:FBgn0015268|FB:FBgn0267366|MGI:MGI:106654|PANTHER:PTN000221934|RGD:3912|SGD:S000001756|SGD:S000005190|TAIR:locus:2019075|TAIR:locus:2034995|TAIR:locus:2050424|TAIR:locus:2091591|TAIR:locus:2120785|TAIR:locus:2164595|UniProtKB:A0A1L8GUC2|UniProtKB:A0A8J0UN15|UniProtKB:Q8I2W3|UniProtKB:Q8I608	10090	GO_Central		F
UniProtKB	Q7Z3H4	SAMD7	enables	GO:0042393	histone binding	ECO:0000318	IBA	GO_REF:0000033	FB:FBgn0032475|PANTHER:PTN000261772|UniProtKB:Q05BQ5|UniProtKB:Q5VUG0|UniProtKB:Q969R5|UniProtKB:Q9UHJ3|UniProtKB:Q9Y468	9606	GO_Central		F
UniProtKB	Q80VG1	Scml4	enables	GO:0042393	histone binding	ECO:0000318	IBA	GO_REF:0000033	FB:FBgn0032475|PANTHER:PTN000261772|UniProtKB:Q05BQ5|UniProtKB:Q5VUG0|UniProtKB:Q969R5|UniProtKB:Q9UHJ3|UniProtKB:Q9Y468	10090	GO_Central		F
UniProtKB	Q80W85	Npm2	enables	GO:0042393	histone binding	ECO:0000318	IBA	GO_REF:0000033	FB:FBgn0016685|FB:FBgn0039735|PANTHER:PTN001100765|UniProtKB:P06748	10090	GO_Central		F
UniProtKB	Q80X41	Vrk1	enables	GO:0042393	histone binding	ECO:0000265	IEA	GO_REF:0000107	UniProtKB:Q99986|ensembl:ENSP00000216639	10090	Ensembl		F
UniProtKB	Q80XJ2	Rnf168	enables	GO:0042393	histone binding	ECO:0000250	ISS	GO_REF:0000024	UniProtKB:Q8IYW5	10090	UniProt		F
UniProtKB	Q80XJ2	Rnf168	enables	GO:0042393	histone binding	ECO:0000256	IEA	GO_REF:0000104	UniRule:UR000370030	10090	UniProt		F
UniProtKB	Q80Y84	Kdm5b	enables	GO:0042393	histone binding	ECO:0000250	ISS	GO_REF:0000024	UniProtKB:Q9UGL1	10090	UniProt		F
UniProtKB	Q80Y84	Kdm5b	enables	GO:0042393	histone binding	ECO:0000265	IEA	GO_REF:0000107	UniProtKB:Q9UGL1|ensembl:ENSP00000356234	10090	Ensembl		F
UniProtKB	Q80ZK9	Wdtc1	enables	GO:0042393	histone binding	ECO:0000314	IDA	PMID:17767906		10090	MGI		F
UniProtKB	Q80ZK9	Wdtc1	enables	GO:0042393	histone binding	ECO:0000353	IPI	PMID:17767906	PR:Q64524	10090	MGI	has_input(PR:Q64524)	F
UniProtKB	Q810D6	Grwd1	enables	GO:0042393	histone binding	ECO:0000250	ISS	GO_REF:0000024	UniProtKB:Q9BQ67	10090	UniProt		F
UniProtKB	Q810D6	Grwd1	enables	GO:0042393	histone binding	ECO:0000265	IEA	GO_REF:0000107	UniProtKB:Q9BQ67|ensembl:ENSP00000253237	10090	Ensembl		F
UniProtKB	Q86SE8	NPM2	enables	GO:0042393	histone binding	ECO:0000318	IBA	GO_REF:0000033	FB:FBgn0016685|FB:FBgn0039735|PANTHER:PTN001100765|UniProtKB:P06748	9606	GO_Central		F
UniProtKB	Q86SE8	NPM2	enables	GO:0042393	histone binding	ECO:0000304	TAS	PMID:12581654		9606	UniProt		F
UniProtKB	Q86VY4	TSPYL5	enables	GO:0042393	histone binding	ECO:0000318	IBA	GO_REF:0000033	FB:FBgn0015268|FB:FBgn0267366|MGI:MGI:106654|PANTHER:PTN000221934|RGD:3912|SGD:S000001756|SGD:S000005190|TAIR:locus:2019075|TAIR:locus:2034995|TAIR:locus:2050424|TAIR:locus:2091591|TAIR:locus:2120785|TAIR:locus:2164595|UniProtKB:A0A1L8GUC2|UniProtKB:A0A8J0UN15|UniProtKB:Q8I2W3|UniProtKB:Q8I608	9606	GO_Central		F
UniProtKB	Q86VZ2	WDR5B	enables	GO:0042393	histone binding	ECO:0000318	IBA	GO_REF:0000033	PANTHER:PTN001483578|TAIR:locus:2097435	9606	GO_Central		F
UniProtKB	Q86Y97	KMT5C	enables	GO:0042393	histone binding	ECO:0000265	IEA	GO_REF:0000107	UniProtKB:Q6Q783|ensembl:ENSMUSP00000104223	9606	Ensembl		F
UniProtKB	Q8BHJ5	Tbl1xr1	enables	GO:0042393	histone binding	ECO:0000265	IEA	GO_REF:0000107	UniProtKB:Q9BZK7|ensembl:ENSP00000413251	10090	Ensembl		F
UniProtKB	Q8BLB7	L3mbtl3	enables	GO:0042393	histone binding	ECO:0000318	IBA	GO_REF:0000033	FB:FBgn0032475|PANTHER:PTN000261772|UniProtKB:Q05BQ5|UniProtKB:Q5VUG0|UniProtKB:Q969R5|UniProtKB:Q9UHJ3|UniProtKB:Q9Y468	10090	GO_Central		F
UniProtKB	Q8BX09	Rbbp5	enables	GO:0042393	histone binding	ECO:0000265	IEA	GO_REF:0000107	UniProtKB:Q15291|ensembl:ENSP00000264515	10090	Ensembl		F
UniProtKB	Q8BY71	Hat1	enables	GO:0042393	histone binding	ECO:0000256	IEA	GO_REF:0000002	InterPro:IPR013523	10090	InterPro		F
UniProtKB	Q8C8Y5	Samd7	enables	GO:0042393	histone binding	ECO:0000318	IBA	GO_REF:0000033	FB:FBgn0032475|PANTHER:PTN000261772|UniProtKB:Q05BQ5|UniProtKB:Q5VUG0|UniProtKB:Q969R5|UniProtKB:Q9UHJ3|UniProtKB:Q9Y468	10090	GO_Central		F
UniProtKB	Q8CAS9	Parp9	enables	GO:0042393	histone binding	ECO:0000265	IEA	GO_REF:0000107	UniProtKB:Q8IXQ6|ensembl:ENSP00000507390	10090	Ensembl		F
UniProtKB	Q8CDM1	Atad2	enables	GO:0042393	histone binding	ECO:0000318	IBA	GO_REF:0000033	PANTHER:PTN000552695|PomBase:SPAC31G5.19|SGD:S000003502|TAIR:locus:2198748|UniProtKB:Q9ULI0	10090	GO_Central		F
UniProtKB	Q8CFE2	Hpf1	enables	GO:0042393	histone binding	ECO:0000318	IBA	GO_REF:0000033	PANTHER:PTN001001693|UniProtKB:Q9NWY4	10090	GO_Central		F
UniProtKB	Q8CFE2	Hpf1	enables	GO:0042393	histone binding	ECO:0000501	IEA	GO_REF:0000120	UniProtKB:Q9NWY4|ensembl:ENSP00000406598|InterPro:IPR019361	10090	UniProt		F
UniProtKB	Q8CHP6	Phc3	enables	GO:0042393	histone binding	ECO:0000318	IBA	GO_REF:0000033	FB:FBgn0032475|PANTHER:PTN000261772|UniProtKB:Q05BQ5|UniProtKB:Q5VUG0|UniProtKB:Q969R5|UniProtKB:Q9UHJ3|UniProtKB:Q9Y468	10090	GO_Central		F
UniProtKB	Q8CIG3	Kdm1b	enables	GO:0042393	histone binding	ECO:0000265	IEA	GO_REF:0000107	UniProtKB:Q8NB78|ensembl:ENSP00000499208	10090	Ensembl		F
UniProtKB	Q8IW19	APLF	enables	GO:0042393	histone binding	ECO:0000314	IDA	PMID:21211722		9606	UniProt		F
UniProtKB	Q8IW19	APLF	enables	GO:0042393	histone binding	ECO:0000314	IDA	PMID:29905837		9606	UniProt		F
UniProtKB	Q8IWS0	PHF6	enables	GO:0042393	histone binding	ECO:0000318	IBA	GO_REF:0000033	PANTHER:PTN008538244|UniProtKB:Q8IWS0	9606	GO_Central		F
UniProtKB	Q8IWS0	PHF6	enables	GO:0042393	histone binding	ECO:0000353	IPI	PMID:22720776	UniProtKB:P0C0S5	9606	UniProt		F
UniProtKB	Q8IWS0	PHF6	enables	GO:0042393	histone binding	ECO:0000353	IPI	PMID:22720776	UniProtKB:P16403	9606	UniProt		F
UniProtKB	Q8IWS0	PHF6	enables	GO:0042393	histone binding	ECO:0000353	IPI	PMID:22720776	UniProtKB:P33778	9606	UniProt		F
UniProtKB	Q8IWS0	PHF6	enables	GO:0042393	histone binding	ECO:0000353	IPI	PMID:22720776	UniProtKB:P68431	9606	UniProt		F
UniProtKB	Q8IXK0	PHC2	enables	GO:0042393	histone binding	ECO:0000318	IBA	GO_REF:0000033	FB:FBgn0032475|PANTHER:PTN000261772|UniProtKB:Q05BQ5|UniProtKB:Q5VUG0|UniProtKB:Q969R5|UniProtKB:Q9UHJ3|UniProtKB:Q9Y468	9606	GO_Central		F
UniProtKB	Q8IXQ6	PARP9	enables	GO:0042393	histone binding	ECO:0000353	IPI	PMID:26479788	UniProtKB:Q93079	9606	UniProt		F
UniProtKB	Q8IYH5	ZZZ3	enables	GO:0042393	histone binding	ECO:0000314	IDA	PMID:30217978		9606	GO_Central	has_input(UniProtKB:P68431)|has_input(UniProtKB:P84243)	F
UniProtKB	Q8IYW5	RNF168	enables	GO:0042393	histone binding	ECO:0000256	IEA	GO_REF:0000104	UniRule:UR000370030	9606	UniProt		F
UniProtKB	Q8IYW5	RNF168	enables	GO:0042393	histone binding	ECO:0000314	IDA	PMID:19203578		9606	UniProt		F
UniProtKB	Q8IYW5	RNF168	enables	GO:0042393	histone binding	ECO:0000314	IDA	PMID:19203579		9606	UniProt		F
UniProtKB	Q8K1K9	Hinfp	enables	GO:0042393	histone binding	ECO:0000265	IEA	GO_REF:0000107	UniProtKB:Q9BQA5|ensembl:ENSP00000318085	10090	Ensembl		F
UniProtKB	Q8K1P7	Smarca4	enables	GO:0042393	histone binding	ECO:0000256	IEA	GO_REF:0000002	InterPro:IPR029295	10116	InterPro		F
UniProtKB	Q8K214	Scmh1	enables	GO:0042393	histone binding	ECO:0000318	IBA	GO_REF:0000033	FB:FBgn0032475|PANTHER:PTN000261772|UniProtKB:Q05BQ5|UniProtKB:Q5VUG0|UniProtKB:Q969R5|UniProtKB:Q9UHJ3|UniProtKB:Q9Y468	10090	GO_Central		F
UniProtKB	Q8K2Z4	Ncapd2	enables	GO:0042393	histone binding	ECO:0000318	IBA	GO_REF:0000033	PANTHER:PTN000368592|UniProtKB:Q15021	10090	GO_Central		F
UniProtKB	Q8N228	SCML4	enables	GO:0042393	histone binding	ECO:0000318	IBA	GO_REF:0000033	FB:FBgn0032475|PANTHER:PTN000261772|UniProtKB:Q05BQ5|UniProtKB:Q5VUG0|UniProtKB:Q969R5|UniProtKB:Q9UHJ3|UniProtKB:Q9Y468	9606	GO_Central		F
UniProtKB	Q8N5D0	WDTC1	enables	GO:0042393	histone binding	ECO:0000265	IEA	GO_REF:0000107	UniProtKB:Q80ZK9|ensembl:ENSMUSP00000040647	9606	Ensembl		F
UniProtKB	Q8N801	STPG4	enables	GO:0042393	histone binding	ECO:0000318	IBA	GO_REF:0000033	MGI:MGI:1922717|PANTHER:PTN002860964	9606	GO_Central		F
UniProtKB	Q8N801	STPG4	enables	GO:0042393	histone binding	ECO:0000265	IEA	GO_REF:0000107	UniProtKB:Q9DAG5|ensembl:ENSMUSP00000044250	9606	Ensembl		F
UniProtKB	Q8N831	TSPYL6	enables	GO:0042393	histone binding	ECO:0000318	IBA	GO_REF:0000033	FB:FBgn0015268|FB:FBgn0267366|MGI:MGI:106654|PANTHER:PTN000221934|RGD:3912|SGD:S000001756|SGD:S000005190|TAIR:locus:2019075|TAIR:locus:2034995|TAIR:locus:2050424|TAIR:locus:2091591|TAIR:locus:2120785|TAIR:locus:2164595|UniProtKB:A0A1L8GUC2|UniProtKB:A0A8J0UN15|UniProtKB:Q8I2W3|UniProtKB:Q8I608	9606	GO_Central		F
UniProtKB	Q8NA19	L3MBTL4	enables	GO:0042393	histone binding	ECO:0000318	IBA	GO_REF:0000033	FB:FBgn0032475|PANTHER:PTN000261772|UniProtKB:Q05BQ5|UniProtKB:Q5VUG0|UniProtKB:Q969R5|UniProtKB:Q9UHJ3|UniProtKB:Q9Y468	9606	GO_Central		F
UniProtKB	Q8NB78	KDM1B	enables	GO:0042393	histone binding	ECO:0000314	IDA	PMID:23260659		9606	UniProt		F
UniProtKB	Q8NCD3	HJURP	enables	GO:0042393	histone binding	ECO:0000256	IEA	GO_REF:0000002	InterPro:IPR018465	9606	InterPro		F
UniProtKB	Q8NCD3	HJURP	enables	GO:0042393	histone binding	ECO:0000318	IBA	GO_REF:0000033	PANTHER:PTN002312719|UniProtKB:Q8NCD3	9606	GO_Central		F
UniProtKB	Q8NCD3	HJURP	enables	GO:0042393	histone binding	ECO:0000353	IPI	PMID:19410544	UniProtKB:P49450	9606	UniProt		F
UniProtKB	Q8NCD3	HJURP	enables	GO:0042393	histone binding	ECO:0000353	IPI	PMID:19410545	UniProtKB:P49450	9606	UniProt		F
UniProtKB	Q8NCD3	HJURP	enables	GO:0042393	histone binding	ECO:0000314	IDA	PMID:21478274		9606	UniProt		F
UniProtKB	Q8NDX5	PHC3	enables	GO:0042393	histone binding	ECO:0000318	IBA	GO_REF:0000033	FB:FBgn0032475|PANTHER:PTN000261772|UniProtKB:Q05BQ5|UniProtKB:Q5VUG0|UniProtKB:Q969R5|UniProtKB:Q9UHJ3|UniProtKB:Q9Y468	9606	GO_Central		F
UniProtKB	Q8NI51	CTCFL	enables	GO:0042393	histone binding	ECO:0000250	ISS	GO_REF:0000024	UniProtKB:A2APF3	9606	UniProt		F
UniProtKB	Q8NI51	CTCFL	enables	GO:0042393	histone binding	ECO:0000265	IEA	GO_REF:0000107	UniProtKB:A2APF3|ensembl:ENSMUSP00000091845	9606	Ensembl		F
UniProtKB	Q8R331	Znhit1	enables	GO:0042393	histone binding	ECO:0000265	IEA	GO_REF:0000107	UniProtKB:O43257|ensembl:ENSP00000304593	10090	Ensembl		F
UniProtKB	Q8TAQ2	SMARCC2	enables	GO:0042393	histone binding	ECO:0000318	IBA	GO_REF:0000033	PANTHER:PTN000301254|SGD:S000003712	9606	GO_Central		F
UniProtKB	Q8TD26	CHD6	enables	GO:0042393	histone binding	ECO:0000318	IBA	GO_REF:0000033	MGI:MGI:1915022|MGI:MGI:2448567|MGI:MGI:3036258|PANTHER:PTN002473914|SGD:S000000966	9606	GO_Central		F
UniProtKB	Q8TDB6	DTX3L	enables	GO:0042393	histone binding	ECO:0000314	IDA	PMID:19818714		9606	UniProt		F
UniProtKB	Q8TDB6	DTX3L	enables	GO:0042393	histone binding	ECO:0000353	IPI	PMID:26479788	UniProtKB:Q93079	9606	UniProt		F
UniProtKB	Q8TDI0	CHD5	enables	GO:0042393	histone binding	ECO:0000318	IBA	GO_REF:0000033	MGI:MGI:1915022|MGI:MGI:2448567|MGI:MGI:3036258|PANTHER:PTN002473914|SGD:S000000966	9606	GO_Central		F
UniProtKB	Q8VC51	Wrap53	enables	GO:0042393	histone binding	ECO:0000265	IEA	GO_REF:0000107	UniProtKB:Q9BUR4|ensembl:ENSP00000379727	10090	Ensembl		F
UniProtKB	Q8VC56	Rnf8	enables	GO:0042393	histone binding	ECO:0000318	IBA	GO_REF:0000033	MGI:MGI:1929069|PANTHER:PTN001030724|UniProtKB:O76064	10090	GO_Central		F
UniProtKB	Q8VC56	Rnf8	enables	GO:0042393	histone binding	ECO:0000501	IEA	GO_REF:0000120	ARBA:ARBA00028931|UniProtKB:O76064|ensembl:ENSP00000362578|UniRule:UR000369684	10090	UniProt		F
UniProtKB	Q8VC56	Rnf8	enables	GO:0042393	histone binding	ECO:0000315	IMP	PMID:19015238		10090	UniProt		F
UniProtKB	Q8VD63	Tspyl4	enables	GO:0042393	histone binding	ECO:0000318	IBA	GO_REF:0000033	FB:FBgn0015268|FB:FBgn0267366|MGI:MGI:106654|PANTHER:PTN000221934|RGD:3912|SGD:S000001756|SGD:S000005190|TAIR:locus:2019075|TAIR:locus:2034995|TAIR:locus:2050424|TAIR:locus:2091591|TAIR:locus:2120785|TAIR:locus:2164595|UniProtKB:A0A1L8GUC2|UniProtKB:A0A8J0UN15|UniProtKB:Q8I2W3|UniProtKB:Q8I608	10090	GO_Central		F
UniProtKB	Q8VDF2	Uhrf1	enables	GO:0042393	histone binding	ECO:0000250	ISS	GO_REF:0000024	UniProtKB:Q96T88	10090	UniProt		F
UniProtKB	Q8VDF2	Uhrf1	enables	GO:0042393	histone binding	ECO:0000501	IEA	GO_REF:0000120	ARBA:ARBA00028931|UniProtKB:Q96T88|ensembl:ENSP00000498698	10090	UniProt		F
UniProtKB	Q8VDF2	Uhrf1	enables	GO:0042393	histone binding	ECO:0000314	IDA	PMID:14993289		10090	BHF-UCL		F
UniProtKB	Q8VE37	Rcc1	enables	GO:0042393	histone binding	ECO:0000265	IEA	GO_REF:0000107	UniProtKB:P18754|ensembl:ENSP00000508074	10090	Ensembl		F
UniProtKB	Q8VIB2	Daxx	enables	GO:0042393	histone binding	ECO:0000256	IEA	GO_REF:0000002	InterPro:IPR046426	10116	InterPro		F
UniProtKB	Q8VIB2	Daxx	enables	GO:0042393	histone binding	ECO:0000318	IBA	GO_REF:0000033	MGI:MGI:1197015|PANTHER:PTN000298849|UniProtKB:Q9UER7	10116	GO_Central		F
UniProtKB	Q8VIB2	Daxx	enables	GO:0042393	histone binding	ECO:0000266	ISO	GO_REF:0000096	MGI:MGI:1197015	10116	RGD		F
UniProtKB	Q8VIB2	Daxx	enables	GO:0042393	histone binding	ECO:0000266	ISO	GO_REF:0000096	UniProtKB:Q9UER7	10116	RGD		F
UniProtKB	Q8WXX5	DNAJC9	enables	GO:0042393	histone binding	ECO:0000314	IDA	PMID:33857403		9606	UniProt		F
UniProtKB	Q91W36	Usp3	enables	GO:0042393	histone binding	ECO:0000265	IEA	GO_REF:0000107	UniProtKB:Q9Y6I4|ensembl:ENSP00000369681	10090	Ensembl		F
UniProtKB	Q91WN1	Dnajc9	enables	GO:0042393	histone binding	ECO:0000250	ISS	GO_REF:0000024	UniProtKB:Q8WXX5	10090	UniProt		F
UniProtKB	Q91WN1	Dnajc9	enables	GO:0042393	histone binding	ECO:0000265	IEA	GO_REF:0000107	UniProtKB:Q8WXX5|ensembl:ENSP00000362041	10090	Ensembl		F
UniProtKB	Q91Y44	Brdt	enables	GO:0042393	histone binding	ECO:0000265	IEA	GO_REF:0000107	UniProtKB:Q58F21|ensembl:ENSP00000387822	10090	Ensembl		F
UniProtKB	Q91YE5	Baz2a	enables	GO:0042393	histone binding	ECO:0000256	IEA	GO_REF:0000117	ARBA:ARBA00028931	10090	UniProt		F
UniProtKB	Q91YE6	Ipo9	enables	GO:0042393	histone binding	ECO:0000314	IDA	PMID:11493596		10090	MGI		F
UniProtKB	Q91ZW3	Smarca5	contributes_to	GO:0042393	histone binding	ECO:0000265	IEA	GO_REF:0000107	UniProtKB:O60264|ensembl:ENSP00000283131	10090	Ensembl		F
UniProtKB	Q922P9	Glyr1	enables	GO:0042393	histone binding	ECO:0000250	ISS	GO_REF:0000024	UniProtKB:Q49A26	10090	UniProt		F
UniProtKB	Q922X9	Prmt7	enables	GO:0042393	histone binding	ECO:0000265	IEA	GO_REF:0000107	UniProtKB:Q9NVM4|ensembl:ENSP00000409324	10090	Ensembl		F
UniProtKB	Q923E4	Sirt1	enables	GO:0042393	histone binding	ECO:0000265	IEA	GO_REF:0000107	UniProtKB:Q96EB6|ensembl:ENSP00000212015	10090	Ensembl		F
UniProtKB	Q924R9	Nap1l3	enables	GO:0042393	histone binding	ECO:0000318	IBA	GO_REF:0000033	FB:FBgn0015268|FB:FBgn0267366|MGI:MGI:106654|PANTHER:PTN000221934|RGD:3912|SGD:S000001756|SGD:S000005190|TAIR:locus:2019075|TAIR:locus:2034995|TAIR:locus:2050424|TAIR:locus:2091591|TAIR:locus:2120785|TAIR:locus:2164595|UniProtKB:A0A1L8GUC2|UniProtKB:A0A8J0UN15|UniProtKB:Q8I2W3|UniProtKB:Q8I608	10116	GO_Central		F
UniProtKB	Q92688	ANP32B	enables	GO:0042393	histone binding	ECO:0000318	IBA	GO_REF:0000033	PANTHER:PTN000146830|UniProtKB:Q92688|UniProtKB:Q9BTT0	9606	GO_Central		F
UniProtKB	Q92688	ANP32B	enables	GO:0042393	histone binding	ECO:0000314	IDA	PMID:20538007		9606	UniProt		F
UniProtKB	Q92769	HDAC2	enables	GO:0042393	histone binding	ECO:0000314	IDA	PMID:19276356		9606	BHF-UCL		F
UniProtKB	Q92800	EZH1	contributes_to	GO:0042393	histone binding	ECO:0000250	ISS	PMID:19026781	UniProtKB:P70351	9606	ARUK-UCL	occurs_in(GO:0000792)	F
UniProtKB	Q92922	SMARCC1	enables	GO:0042393	histone binding	ECO:0000318	IBA	GO_REF:0000033	PANTHER:PTN000301254|SGD:S000003712	9606	GO_Central		F
UniProtKB	Q969R5	L3MBTL2	enables	GO:0042393	histone binding	ECO:0000314	IDA	PMID:17540172		9606	UniProt		F
UniProtKB	Q96A08	H2BC1	enables	GO:0042393	histone binding	ECO:0000265	IEA	GO_REF:0000107	UniProtKB:P70696|ensembl:ENSMUSP00000056604	9606	Ensembl		F
UniProtKB	Q96EB6	SIRT1	enables	GO:0042393	histone binding	ECO:0000353	IPI	PMID:15469825	UniProtKB:P10412	9606	BHF-UCL		F
UniProtKB	Q96EB6	SIRT1	enables	GO:0042393	histone binding	ECO:0000353	IPI	PMID:22956909	UniProtKB:P16401	9606	UniProt		F
UniProtKB	Q96GD3	SCMH1	enables	GO:0042393	histone binding	ECO:0000318	IBA	GO_REF:0000033	FB:FBgn0032475|PANTHER:PTN000261772|UniProtKB:Q05BQ5|UniProtKB:Q5VUG0|UniProtKB:Q969R5|UniProtKB:Q9UHJ3|UniProtKB:Q9Y468	9606	GO_Central		F
UniProtKB	Q96HA7	TONSL	enables	GO:0042393	histone binding	ECO:0000314	IDA	PMID:21055983		9606	UniProt		F
UniProtKB	Q96HA7	TONSL	enables	GO:0042393	histone binding	ECO:0000314	IDA	PMID:21055984		9606	UniProt		F
UniProtKB	Q96JM7	L3MBTL3	enables	GO:0042393	histone binding	ECO:0000318	IBA	GO_REF:0000033	FB:FBgn0032475|PANTHER:PTN000261772|UniProtKB:Q05BQ5|UniProtKB:Q5VUG0|UniProtKB:Q969R5|UniProtKB:Q9UHJ3|UniProtKB:Q9Y468	9606	GO_Central		F
UniProtKB	Q96LA8	PRMT6	enables	GO:0042393	histone binding	ECO:0000314	IDA	PMID:17898714		9606	UniProt		F
UniProtKB	Q96LA8	PRMT6	enables	GO:0042393	histone binding	ECO:0000314	IDA	PMID:18079182		9606	UniProt		F
UniProtKB	Q96N64	PWWP2A	enables	GO:0042393	histone binding	ECO:0000318	IBA	GO_REF:0000033	PANTHER:PTN002747430|UniProtKB:Q96N64	9606	GO_Central		F
UniProtKB	Q96N64	PWWP2A	enables	GO:0042393	histone binding	ECO:0000353	IPI	PMID:28645917	UniProtKB:P0C0S5	9606	UniProt		F
UniProtKB	Q96NU1	SAMD11	enables	GO:0042393	histone binding	ECO:0000318	IBA	GO_REF:0000033	FB:FBgn0032475|PANTHER:PTN000261772|UniProtKB:Q05BQ5|UniProtKB:Q5VUG0|UniProtKB:Q969R5|UniProtKB:Q9UHJ3|UniProtKB:Q9Y468	9606	GO_Central		F
UniProtKB	Q96P70	IPO9	enables	GO:0042393	histone binding	ECO:0000250	ISS	GO_REF:0000024	UniProtKB:Q91YE6	9606	UniProt		F
UniProtKB	Q96P70	IPO9	enables	GO:0042393	histone binding	ECO:0000314	IDA	PMID:30855230		9606	UniProt		F
UniProtKB	Q96PU4	UHRF2	enables	GO:0042393	histone binding	ECO:0000250	ISS	GO_REF:0000024	UniProtKB:Q7TMI3	9606	UniProt		F
UniProtKB	Q96PU4	UHRF2	enables	GO:0042393	histone binding	ECO:0000265	IEA	GO_REF:0000107	UniProtKB:Q7TMI3|ensembl:ENSMUSP00000025739	9606	Ensembl		F
UniProtKB	Q96RL1	UIMC1	enables	GO:0042393	histone binding	ECO:0000318	IBA	GO_REF:0000033	PANTHER:PTN001439928|UniProtKB:Q96RL1	9606	GO_Central		F
UniProtKB	Q96RL1	UIMC1	enables	GO:0042393	histone binding	ECO:0000314	IDA	PMID:17525341		9606	UniProt		F
UniProtKB	Q96RL1	UIMC1	enables	GO:0042393	histone binding	ECO:0000314	IDA	PMID:17525342		9606	UniProt		F
UniProtKB	Q96T23	RSF1	enables	GO:0042393	histone binding	ECO:0000318	IBA	GO_REF:0000033	PANTHER:PTN004173103|UniProtKB:Q96T23	9606	GO_Central		F
UniProtKB	Q96T23	RSF1	enables	GO:0042393	histone binding	ECO:0000314	IDA	PMID:12972596		9606	UniProt		F
UniProtKB	Q96T88	UHRF1	enables	GO:0042393	histone binding	ECO:0000250	ISS	GO_REF:0000024	UniProtKB:Q8VDF2	9606	BHF-UCL		F
UniProtKB	Q96T88	UHRF1	enables	GO:0042393	histone binding	ECO:0000265	IEA	GO_REF:0000107	UniProtKB:Q8VDF2|ensembl:ENSMUSP00000001258	9606	Ensembl		F
UniProtKB	Q96T88	UHRF1	enables	GO:0042393	histone binding	ECO:0000314	IDA	PMID:21777816		9606	UniProt		F
UniProtKB	Q99457	NAP1L3	enables	GO:0042393	histone binding	ECO:0000318	IBA	GO_REF:0000033	FB:FBgn0015268|FB:FBgn0267366|MGI:MGI:106654|PANTHER:PTN000221934|RGD:3912|SGD:S000001756|SGD:S000005190|TAIR:locus:2019075|TAIR:locus:2034995|TAIR:locus:2050424|TAIR:locus:2091591|TAIR:locus:2120785|TAIR:locus:2164595|UniProtKB:A0A1L8GUC2|UniProtKB:A0A8J0UN15|UniProtKB:Q8I2W3|UniProtKB:Q8I608	9606	GO_Central		F
UniProtKB	Q99543	DNAJC2	enables	GO:0042393	histone binding	ECO:0000314	IDA	PMID:21179169		9606	UniProt		F
UniProtKB	Q99733	NAP1L4	enables	GO:0042393	histone binding	ECO:0000318	IBA	GO_REF:0000033	FB:FBgn0015268|FB:FBgn0267366|MGI:MGI:106654|PANTHER:PTN000221934|RGD:3912|SGD:S000001756|SGD:S000005190|TAIR:locus:2019075|TAIR:locus:2034995|TAIR:locus:2050424|TAIR:locus:2091591|TAIR:locus:2120785|TAIR:locus:2164595|UniProtKB:A0A1L8GUC2|UniProtKB:A0A8J0UN15|UniProtKB:Q8I2W3|UniProtKB:Q8I608	9606	GO_Central		F
UniProtKB	Q99986	VRK1	enables	GO:0042393	histone binding	ECO:0000353	IPI	PMID:22194607	UniProtKB:P0C0S8	9606	GO_Central		F
UniProtKB	Q99986	VRK1	enables	GO:0042393	histone binding	ECO:0000353	IPI	PMID:35390161	UniProtKB:P0C0S8	9606	UniProt		F
UniProtKB	Q99986	VRK1	enables	GO:0042393	histone binding	ECO:0000353	IPI	PMID:35390161	UniProtKB:P62807	9606	UniProt		F
UniProtKB	Q99LG0	Usp16	enables	GO:0042393	histone binding	ECO:0000250	ISS	GO_REF:0000024	UniProtKB:Q9Y5T5	10090	UniProt		F
UniProtKB	Q99LG0	Usp16	enables	GO:0042393	histone binding	ECO:0000501	IEA	GO_REF:0000120	UniProtKB:Q9Y5T5|ensembl:ENSP00000382858|UniRule:UR000160894	10090	UniProt		F
UniProtKB	Q99MD9	Nasp	enables	GO:0042393	histone binding	ECO:0000318	IBA	GO_REF:0000033	MGI:MGI:1355328|PANTHER:PTN000386890|TAIR:locus:2115045|UniProtKB:P49321	10090	GO_Central		F
UniProtKB	Q99MD9	Nasp	enables	GO:0042393	histone binding	ECO:0000314	IDA	PMID:10893414		10090	MGI		F
UniProtKB	Q99P99	Hdac4	contributes_to	GO:0042393	histone binding	ECO:0000266	ISO	GO_REF:0000096	UniProtKB:P56524	10116	RGD		F
UniProtKB	Q99PJ7	Znf689	enables	GO:0042393	histone binding	ECO:0000266	ISO	GO_REF:0000096	UniProtKB:Q96CS4	10116	RGD		F
UniProtKB	Q9BQ67	GRWD1	enables	GO:0042393	histone binding	ECO:0000314	IDA	PMID:25990725		9606	UniProt		F
UniProtKB	Q9BQA5	HINFP	enables	GO:0042393	histone binding	ECO:0000353	IPI	PMID:14585971	UniProtKB:P62805	9606	UniProt		F
UniProtKB	Q9BQA5	HINFP	enables	GO:0042393	histone binding	ECO:0000353	IPI	PMID:9540062	UniProtKB:P62805	9606	UniProt		F
UniProtKB	Q9BRQ0	PYGO2	enables	GO:0042393	histone binding	ECO:0000265	IEA	GO_REF:0000107	UniProtKB:Q80V76|ensembl:ENSMUSP00000053672	9606	Ensembl		F
UniProtKB	Q9BTT0	ANP32E	enables	GO:0042393	histone binding	ECO:0000318	IBA	GO_REF:0000033	PANTHER:PTN000146830|UniProtKB:Q92688|UniProtKB:Q9BTT0	9606	GO_Central		F
UniProtKB	Q9BTT0	ANP32E	enables	GO:0042393	histone binding	ECO:0000314	IDA	PMID:24463511		9606	UniProt		F
UniProtKB	Q9BUR4	WRAP53	enables	GO:0042393	histone binding	ECO:0000353	IPI	PMID:26734725	UniProtKB:P16104	9606	UniProt		F
UniProtKB	Q9BUR4	WRAP53	enables	GO:0042393	histone binding	ECO:0000353	IPI	PMID:27715493	UniProtKB:P16104	9606	UniProt		F
UniProtKB	Q9BZK7	TBL1XR1	enables	GO:0042393	histone binding	ECO:0000314	IDA	PMID:15601853		9606	UniProt		F
UniProtKB	Q9CPP0	Npm3	enables	GO:0042393	histone binding	ECO:0000318	IBA	GO_REF:0000033	FB:FBgn0016685|FB:FBgn0039735|PANTHER:PTN001100765|UniProtKB:P06748	10090	GO_Central		F
UniProtKB	Q9CQ13	Coprs	enables	GO:0042393	histone binding	ECO:0000256	IEA	GO_REF:0000002	InterPro:IPR029289	10090	InterPro		F
UniProtKB	Q9CQ13	Coprs	enables	GO:0042393	histone binding	ECO:0000250	ISS	GO_REF:0000024	UniProtKB:Q9NQ92	10090	UniProt		F
UniProtKB	Q9CQ13	Coprs	enables	GO:0042393	histone binding	ECO:0000318	IBA	GO_REF:0000033	PANTHER:PTN002193645|UniProtKB:Q9NQ92	10090	GO_Central		F
UniProtKB	Q9CQ70	H2ab1	enables	GO:0042393	histone binding	ECO:0000353	IPI	PMID:28366643	UniProtKB:P70696	10090	UniProt		F
UniProtKB	Q9CQE6	Asf1a	enables	GO:0042393	histone binding	ECO:0000266	ISO	GO_REF:0000008	UniProtKB:Q9Y294	10090	MGI		F
UniProtKB	Q9CQE6	Asf1a	enables	GO:0042393	histone binding	ECO:0000318	IBA	GO_REF:0000033	MGI:MGI:1914179|PANTHER:PTN000247832|SGD:S000003651|UniProtKB:Q8I5H2|UniProtKB:Q9Y294	10090	GO_Central		F
UniProtKB	Q9CQE6	Asf1a	enables	GO:0042393	histone binding	ECO:0000265	IEA	GO_REF:0000107	UniProtKB:Q9Y294|ensembl:ENSP00000229595	10090	Ensembl		F
UniProtKB	Q9CQJ2	Pih1d1	enables	GO:0042393	histone binding	ECO:0000265	IEA	GO_REF:0000107	UniProtKB:Q9NWS0|ensembl:ENSP00000262265	10090	Ensembl		F
UniProtKB	Q9CR11	Yeats4	enables	GO:0042393	histone binding	ECO:0000318	IBA	GO_REF:0000033	PANTHER:PTN000574151|UniProtKB:Q9ULM3	10090	GO_Central		F
UniProtKB	Q9D0J8	Ptms	enables	GO:0042393	histone binding	ECO:0000318	IBA	GO_REF:0000033	MGI:MGI:97803|PANTHER:PTN002733430|UniProtKB:P06454	10090	GO_Central		F
UniProtKB	Q9D4H9	Phf14	enables	GO:0042393	histone binding	ECO:0000250	ISS	GO_REF:0000024	UniProtKB:A0A286Y9D1	10090	UniProt		F
UniProtKB	Q9D4H9	Phf14	enables	GO:0042393	histone binding	ECO:0000250	ISS	GO_REF:0000024	UniProtKB:O94880	10090	UniProt		F
UniProtKB	Q9D4H9	Phf14	enables	GO:0042393	histone binding	ECO:0000265	IEA	GO_REF:0000107	UniProtKB:O94880|ensembl:ENSP00000489535	10090	Ensembl		F
UniProtKB	Q9D4J7	Phf6	enables	GO:0042393	histone binding	ECO:0000318	IBA	GO_REF:0000033	PANTHER:PTN008538244|UniProtKB:Q8IWS0	10090	GO_Central		F
UniProtKB	Q9D4J7	Phf6	enables	GO:0042393	histone binding	ECO:0000265	IEA	GO_REF:0000107	UniProtKB:Q8IWS0|ensembl:ENSP00000359839	10090	Ensembl		F
UniProtKB	Q9D7H2	Wdr5b	enables	GO:0042393	histone binding	ECO:0000318	IBA	GO_REF:0000033	PANTHER:PTN001483578|TAIR:locus:2097435	10090	GO_Central		F
UniProtKB	Q9D842	Aplf	enables	GO:0042393	histone binding	ECO:0000250	ISS	GO_REF:0000024	UniProtKB:Q8IW19	10090	UniProt		F
UniProtKB	Q9D842	Aplf	enables	GO:0042393	histone binding	ECO:0000265	IEA	GO_REF:0000107	UniProtKB:Q8IW19|ensembl:ENSP00000307004	10090	Ensembl		F
UniProtKB	Q9DAG5	Stpg4	enables	GO:0042393	histone binding	ECO:0000318	IBA	GO_REF:0000033	MGI:MGI:1922717|PANTHER:PTN002860964	10090	GO_Central		F
UniProtKB	Q9DAG5	Stpg4	enables	GO:0042393	histone binding	ECO:0000314	IDA	PMID:23560077		10090	MGI		F
UniProtKB	Q9DAP7	Asf1b	enables	GO:0042393	histone binding	ECO:0000318	IBA	GO_REF:0000033	MGI:MGI:1914179|PANTHER:PTN000247832|SGD:S000003651|UniProtKB:Q8I5H2|UniProtKB:Q9Y294	10090	GO_Central		F
UniProtKB	Q9DAP7	Asf1b	enables	GO:0042393	histone binding	ECO:0000314	IDA	PMID:12842904		10090	MGI		F
UniProtKB	Q9EPL8	Ipo7	enables	GO:0042393	histone binding	ECO:0000314	IDA	PMID:11493596		10090	MGI		F
UniProtKB	Q9EQU5	Set	enables	GO:0042393	histone binding	ECO:0000318	IBA	GO_REF:0000033	FB:FBgn0015268|FB:FBgn0267366|MGI:MGI:106654|PANTHER:PTN000221934|RGD:3912|SGD:S000001756|SGD:S000005190|TAIR:locus:2019075|TAIR:locus:2034995|TAIR:locus:2050424|TAIR:locus:2091591|TAIR:locus:2120785|TAIR:locus:2164595|UniProtKB:A0A1L8GUC2|UniProtKB:A0A8J0UN15|UniProtKB:Q8I2W3|UniProtKB:Q8I608	10090	GO_Central		F
UniProtKB	Q9EST5	Anp32b	enables	GO:0042393	histone binding	ECO:0000318	IBA	GO_REF:0000033	PANTHER:PTN000146830|UniProtKB:Q92688|UniProtKB:Q9BTT0	10090	GO_Central		F
UniProtKB	Q9EST5	Anp32b	enables	GO:0042393	histone binding	ECO:0000265	IEA	GO_REF:0000107	UniProtKB:Q92688|ensembl:ENSP00000345848	10090	Ensembl		F
UniProtKB	Q9EST6	Anp32b	enables	GO:0042393	histone binding	ECO:0000318	IBA	GO_REF:0000033	PANTHER:PTN000146830|UniProtKB:Q92688|UniProtKB:Q9BTT0	10116	GO_Central		F
UniProtKB	Q9EST6	Anp32b	enables	GO:0042393	histone binding	ECO:0000266	ISO	GO_REF:0000096	UniProtKB:Q92688	10116	RGD		F
UniProtKB	Q9H0U9	TSPYL1	enables	GO:0042393	histone binding	ECO:0000318	IBA	GO_REF:0000033	FB:FBgn0015268|FB:FBgn0267366|MGI:MGI:106654|PANTHER:PTN000221934|RGD:3912|SGD:S000001756|SGD:S000005190|TAIR:locus:2019075|TAIR:locus:2034995|TAIR:locus:2050424|TAIR:locus:2091591|TAIR:locus:2120785|TAIR:locus:2164595|UniProtKB:A0A1L8GUC2|UniProtKB:A0A8J0UN15|UniProtKB:Q8I2W3|UniProtKB:Q8I608	9606	GO_Central		F
UniProtKB	Q9H2G4	TSPYL2	enables	GO:0042393	histone binding	ECO:0000318	IBA	GO_REF:0000033	FB:FBgn0015268|FB:FBgn0267366|MGI:MGI:106654|PANTHER:PTN000221934|RGD:3912|SGD:S000001756|SGD:S000005190|TAIR:locus:2019075|TAIR:locus:2034995|TAIR:locus:2050424|TAIR:locus:2091591|TAIR:locus:2120785|TAIR:locus:2164595|UniProtKB:A0A1L8GUC2|UniProtKB:A0A8J0UN15|UniProtKB:Q8I2W3|UniProtKB:Q8I608	9606	GO_Central		F
UniProtKB	Q9H489	TSPY26P	enables	GO:0042393	histone binding	ECO:0000318	IBA	GO_REF:0000033	FB:FBgn0015268|FB:FBgn0267366|MGI:MGI:106654|PANTHER:PTN000221934|RGD:3912|SGD:S000001756|SGD:S000005190|TAIR:locus:2019075|TAIR:locus:2034995|TAIR:locus:2050424|TAIR:locus:2091591|TAIR:locus:2120785|TAIR:locus:2164595|UniProtKB:A0A1L8GUC2|UniProtKB:A0A8J0UN15|UniProtKB:Q8I2W3|UniProtKB:Q8I608	9606	GO_Central		F
UniProtKB	Q9H6U6	BCAS3	enables	GO:0042393	histone binding	ECO:0000314	IDA	PMID:17505058		9606	UniProt		F
UniProtKB	Q9HAJ7	SAP30L	enables	GO:0042393	histone binding	ECO:0000314	IDA	PMID:19015240		9606	UniProt		F
UniProtKB	Q9HCK8	CHD8	enables	GO:0042393	histone binding	ECO:0000250	ISS	GO_REF:0000024	UniProtKB:Q09XV5	9606	UniProt		F
UniProtKB	Q9HCK8	CHD8	enables	GO:0042393	histone binding	ECO:0000318	IBA	GO_REF:0000033	MGI:MGI:1915022|MGI:MGI:2448567|MGI:MGI:3036258|PANTHER:PTN002473914|SGD:S000000966	9606	GO_Central		F
UniProtKB	Q9HCK8	CHD8	enables	GO:0042393	histone binding	ECO:0000501	IEA	GO_REF:0000120	UniProtKB:Q09XV5|ensembl:ENSMUSP00000142890|UniRule:UR000369261	9606	UniProt		F
UniProtKB	Q9HCM1	RESF1	enables	GO:0042393	histone binding	ECO:0000250	ISS	GO_REF:0000024	UniProtKB:Q69ZX6	9606	UniProt		F
UniProtKB	Q9JIA7	Sphk2	enables	GO:0042393	histone binding	ECO:0000265	IEA	GO_REF:0000107	UniProtKB:Q9NRA0|ensembl:ENSP00000245222	10090	Ensembl		F
UniProtKB	Q9JIL9	Nbn	enables	GO:0042393	histone binding	ECO:0000266	ISO	GO_REF:0000096	UniProtKB:O60934	10116	RGD		F
UniProtKB	Q9JIX5	Chd8	enables	GO:0042393	histone binding	ECO:0000250	ISS	GO_REF:0000024	UniProtKB:Q09XV5	10116	UniProt		F
UniProtKB	Q9JIX5	Chd8	enables	GO:0042393	histone binding	ECO:0000318	IBA	GO_REF:0000033	MGI:MGI:1915022|MGI:MGI:2448567|MGI:MGI:3036258|PANTHER:PTN002473914|SGD:S000000966	10116	GO_Central		F
UniProtKB	Q9JIX5	Chd8	enables	GO:0042393	histone binding	ECO:0000266	ISO	GO_REF:0000096	MGI:MGI:1915022	10116	RGD		F
UniProtKB	Q9JIX5	Chd8	enables	GO:0042393	histone binding	ECO:0000256	IEA	GO_REF:0000104	UniRule:UR000369261	10116	UniProt		F
UniProtKB	Q9JLI8	Sart3	enables	GO:0042393	histone binding	ECO:0000250	ISS	GO_REF:0000024	UniProtKB:Q15020	10090	UniProt		F
UniProtKB	Q9JLI8	Sart3	enables	GO:0042393	histone binding	ECO:0000265	IEA	GO_REF:0000107	UniProtKB:Q15020|ensembl:ENSP00000449386	10090	Ensembl		F
UniProtKB	Q9JMD1	Sfmbt1	enables	GO:0042393	histone binding	ECO:0000250	ISS	GO_REF:0000024	UniProtKB:Q9UHJ3	10090	UniProt		F
UniProtKB	Q9JMD1	Sfmbt1	enables	GO:0042393	histone binding	ECO:0000318	IBA	GO_REF:0000033	FB:FBgn0032475|PANTHER:PTN000261772|UniProtKB:Q05BQ5|UniProtKB:Q5VUG0|UniProtKB:Q969R5|UniProtKB:Q9UHJ3|UniProtKB:Q9Y468	10090	GO_Central		F
UniProtKB	Q9JMD1	Sfmbt1	enables	GO:0042393	histone binding	ECO:0000501	IEA	GO_REF:0000120	UniProtKB:Q9UHJ3|ensembl:ENSP00000378235|InterPro:IPR037604	10090	UniProt		F
UniProtKB	Q9JMD2	Sfmbt1	enables	GO:0042393	histone binding	ECO:0000250	ISS	GO_REF:0000024	UniProtKB:Q9UHJ3	10116	UniProt		F
UniProtKB	Q9JMD2	Sfmbt1	enables	GO:0042393	histone binding	ECO:0000318	IBA	GO_REF:0000033	FB:FBgn0032475|PANTHER:PTN000261772|UniProtKB:Q05BQ5|UniProtKB:Q5VUG0|UniProtKB:Q969R5|UniProtKB:Q9UHJ3|UniProtKB:Q9Y468	10116	GO_Central		F
UniProtKB	Q9JMD2	Sfmbt1	enables	GO:0042393	histone binding	ECO:0000266	ISO	GO_REF:0000096	UniProtKB:Q9UHJ3	10116	RGD		F
UniProtKB	Q9JMD2	Sfmbt1	enables	GO:0042393	histone binding	ECO:0000501	IEA	GO_REF:0000120	UniProtKB:Q9UHJ3|ensembl:ENSP00000378235|InterPro:IPR037604	10116	UniProt		F
UniProtKB	Q9NPI1	BRD7	enables	GO:0042393	histone binding	ECO:0000314	IDA	PMID:12489984		9606	MGI		F
UniProtKB	Q9NQ92	COPRS	enables	GO:0042393	histone binding	ECO:0000256	IEA	GO_REF:0000002	InterPro:IPR029289	9606	InterPro		F
UniProtKB	Q9NQ92	COPRS	enables	GO:0042393	histone binding	ECO:0000318	IBA	GO_REF:0000033	PANTHER:PTN002193645|UniProtKB:Q9NQ92	9606	GO_Central		F
UniProtKB	Q9NQ92	COPRS	enables	GO:0042393	histone binding	ECO:0000314	IDA	PMID:18404153		9606	UniProt		F
UniProtKB	Q9NRA0	SPHK2	enables	GO:0042393	histone binding	ECO:0000314	IDA	PMID:19729656		9606	GO_Central		F
UniProtKB	Q9NVM4	PRMT7	enables	GO:0042393	histone binding	ECO:0000314	IDA	PMID:15494416		9606	HGNC-UCL		F
UniProtKB	Q9NVP2	ASF1B	enables	GO:0042393	histone binding	ECO:0000318	IBA	GO_REF:0000033	MGI:MGI:1914179|PANTHER:PTN000247832|SGD:S000003651|UniProtKB:Q8I5H2|UniProtKB:Q9Y294	9606	GO_Central		F
UniProtKB	Q9NVP2	ASF1B	enables	GO:0042393	histone binding	ECO:0000265	IEA	GO_REF:0000107	UniProtKB:Q9DAP7|ensembl:ENSMUSP00000005607	9606	Ensembl		F
UniProtKB	Q9NWS0	PIH1D1	enables	GO:0042393	histone binding	ECO:0000353	IPI	PMID:22368283	UniProtKB:P62805	9606	UniProt	causally_upstream_of(GO:0032092),causally_upstream_of(GO:1902661),causally_upstream_of(GO:1901838)	F
UniProtKB	Q9NWY4	HPF1	enables	GO:0042393	histone binding	ECO:0000256	IEA	GO_REF:0000002	InterPro:IPR019361	9606	InterPro		F
UniProtKB	Q9NWY4	HPF1	enables	GO:0042393	histone binding	ECO:0000318	IBA	GO_REF:0000033	PANTHER:PTN001001693|UniProtKB:Q9NWY4	9606	GO_Central		F
UniProtKB	Q9NWY4	HPF1	enables	GO:0042393	histone binding	ECO:0000314	IDA	PMID:27067600		9606	UniProt		F
UniProtKB	Q9P2D1	CHD7	enables	GO:0042393	histone binding	ECO:0000318	IBA	GO_REF:0000033	MGI:MGI:1915022|MGI:MGI:2448567|MGI:MGI:3036258|PANTHER:PTN002473914|SGD:S000000966	9606	GO_Central		F
UniProtKB	Q9QWH1	Phc2	enables	GO:0042393	histone binding	ECO:0000318	IBA	GO_REF:0000033	FB:FBgn0032475|PANTHER:PTN000261772|UniProtKB:Q05BQ5|UniProtKB:Q5VUG0|UniProtKB:Q969R5|UniProtKB:Q9UHJ3|UniProtKB:Q9Y468	10090	GO_Central		F
UniProtKB	Q9R1M3	Tspy1	enables	GO:0042393	histone binding	ECO:0000318	IBA	GO_REF:0000033	FB:FBgn0015268|FB:FBgn0267366|MGI:MGI:106654|PANTHER:PTN000221934|RGD:3912|SGD:S000001756|SGD:S000005190|TAIR:locus:2019075|TAIR:locus:2034995|TAIR:locus:2050424|TAIR:locus:2091591|TAIR:locus:2120785|TAIR:locus:2164595|UniProtKB:A0A1L8GUC2|UniProtKB:A0A8J0UN15|UniProtKB:Q8I2W3|UniProtKB:Q8I608	10116	GO_Central		F
UniProtKB	Q9R1M3	Tspy1	enables	GO:0042393	histone binding	ECO:0000314	IDA	PMID:16996029		10116	RGD		F
UniProtKB	Q9R207	Nbn	enables	GO:0042393	histone binding	ECO:0000265	IEA	GO_REF:0000107	UniProtKB:O60934|ensembl:ENSP00000265433	10090	Ensembl		F
UniProtKB	Q9UDR5	AASS	enables	GO:0042393	histone binding	ECO:0000250	ISS	GO_REF:0000024	UniProtKB:Q9VLX0	9606	FlyBase		F
UniProtKB	Q9UER7	DAXX	enables	GO:0042393	histone binding	ECO:0000256	IEA	GO_REF:0000002	InterPro:IPR046426	9606	InterPro		F
UniProtKB	Q9UER7	DAXX	enables	GO:0042393	histone binding	ECO:0000318	IBA	GO_REF:0000033	MGI:MGI:1197015|PANTHER:PTN000298849|UniProtKB:Q9UER7	9606	GO_Central		F
UniProtKB	Q9UER7	DAXX	enables	GO:0042393	histone binding	ECO:0000314	IDA	PMID:12140263		9606	UniProt		F
UniProtKB	Q9UER7	DAXX	enables	GO:0042393	histone binding	ECO:0000314	IDA	PMID:20211137		9606	CAFA		F
UniProtKB	Q9UER7	DAXX	enables	GO:0042393	histone binding	ECO:0000314	IDA	PMID:20504901		9606	UniProt		F
UniProtKB	Q9UGL1	KDM5B	enables	GO:0042393	histone binding	ECO:0000314	IDA	PMID:24952722		9606	UniProt		F
UniProtKB	Q9UHJ3	SFMBT1	enables	GO:0042393	histone binding	ECO:0000318	IBA	GO_REF:0000033	FB:FBgn0032475|PANTHER:PTN000261772|UniProtKB:Q05BQ5|UniProtKB:Q5VUG0|UniProtKB:Q969R5|UniProtKB:Q9UHJ3|UniProtKB:Q9Y468	9606	GO_Central		F
UniProtKB	Q9UHJ3	SFMBT1	enables	GO:0042393	histone binding	ECO:0000501	IEA	GO_REF:0000120	ARBA:ARBA00028931|InterPro:IPR037604	9606	UniProt		F
UniProtKB	Q9UHJ3	SFMBT1	enables	GO:0042393	histone binding	ECO:0000314	IDA	PMID:17599839		9606	UniProt		F
UniProtKB	Q9UHJ3	SFMBT1	enables	GO:0042393	histone binding	ECO:0000314	IDA	PMID:23592795		9606	UniProt		F
UniProtKB	Q9UIF9	BAZ2A	enables	GO:0042393	histone binding	ECO:0000256	IEA	GO_REF:0000117	ARBA:ARBA00028931	9606	UniProt		F
UniProtKB	Q9UIF9	BAZ2A	enables	GO:0042393	histone binding	ECO:0000353	IPI	PMID:22368283	UniProtKB:P62805	9606	UniProt	causally_upstream_of(GO:0032092),causally_upstream_of(GO:1902661),causally_upstream_of(GO:1901838)	F
UniProtKB	Q9UIG0	BAZ1B	enables	GO:0042393	histone binding	ECO:0000318	IBA	GO_REF:0000033	MGI:MGI:1353499|PANTHER:PTN002929532	9606	GO_Central		F
UniProtKB	Q9UIG0	BAZ1B	enables	GO:0042393	histone binding	ECO:0000265	IEA	GO_REF:0000107	UniProtKB:Q9Z277|ensembl:ENSMUSP00000002825	9606	Ensembl		F
UniProtKB	Q9UJ04	TSPYL4	enables	GO:0042393	histone binding	ECO:0000318	IBA	GO_REF:0000033	FB:FBgn0015268|FB:FBgn0267366|MGI:MGI:106654|PANTHER:PTN000221934|RGD:3912|SGD:S000001756|SGD:S000005190|TAIR:locus:2019075|TAIR:locus:2034995|TAIR:locus:2050424|TAIR:locus:2091591|TAIR:locus:2120785|TAIR:locus:2164595|UniProtKB:A0A1L8GUC2|UniProtKB:A0A8J0UN15|UniProtKB:Q8I2W3|UniProtKB:Q8I608	9606	GO_Central		F
UniProtKB	Q9ULG1	INO80	enables	GO:0042393	histone binding	ECO:0000318	IBA	GO_REF:0000033	PANTHER:PTN002904112|TAIR:locus:2082608	9606	GO_Central		F
UniProtKB	Q9ULI0	ATAD2B	enables	GO:0042393	histone binding	ECO:0000318	IBA	GO_REF:0000033	PANTHER:PTN000552695|PomBase:SPAC31G5.19|SGD:S000003502|TAIR:locus:2198748|UniProtKB:Q9ULI0	9606	GO_Central		F
UniProtKB	Q9ULM3	YEATS2	enables	GO:0042393	histone binding	ECO:0000318	IBA	GO_REF:0000033	PANTHER:PTN000574151|UniProtKB:Q9ULM3	9606	GO_Central		F
UniProtKB	Q9ULM3	YEATS2	enables	GO:0042393	histone binding	ECO:0000314	IDA	PMID:27103431		9606	UniProt		F
UniProtKB	Q9ULW6	NAP1L2	enables	GO:0042393	histone binding	ECO:0000318	IBA	GO_REF:0000033	FB:FBgn0015268|FB:FBgn0267366|MGI:MGI:106654|PANTHER:PTN000221934|RGD:3912|SGD:S000001756|SGD:S000005190|TAIR:locus:2019075|TAIR:locus:2034995|TAIR:locus:2050424|TAIR:locus:2091591|TAIR:locus:2120785|TAIR:locus:2164595|UniProtKB:A0A1L8GUC2|UniProtKB:A0A8J0UN15|UniProtKB:Q8I2W3|UniProtKB:Q8I608	9606	GO_Central		F
UniProtKB	Q9ULW6	NAP1L2	enables	GO:0042393	histone binding	ECO:0000265	IEA	GO_REF:0000107	UniProtKB:P51860|ensembl:ENSMUSP00000112677	9606	Ensembl		F
UniProtKB	Q9UN30	SCML1	enables	GO:0042393	histone binding	ECO:0000318	IBA	GO_REF:0000033	FB:FBgn0032475|PANTHER:PTN000261772|UniProtKB:Q05BQ5|UniProtKB:Q5VUG0|UniProtKB:Q969R5|UniProtKB:Q9UHJ3|UniProtKB:Q9Y468	9606	GO_Central		F
UniProtKB	Q9UQR0	SCML2	enables	GO:0042393	histone binding	ECO:0000318	IBA	GO_REF:0000033	FB:FBgn0032475|PANTHER:PTN000261772|UniProtKB:Q05BQ5|UniProtKB:Q5VUG0|UniProtKB:Q969R5|UniProtKB:Q9UHJ3|UniProtKB:Q9Y468	9606	GO_Central		F
UniProtKB	Q9WUU9	Mcm3ap	enables	GO:0042393	histone binding	ECO:0000250	ISS	GO_REF:0000024	UniProtKB:O60318	10090	UniProt		F
UniProtKB	Q9WUU9	Mcm3ap	enables	GO:0042393	histone binding	ECO:0000265	IEA	GO_REF:0000107	UniProtKB:O60318|ensembl:ENSP00000291688	10090	Ensembl		F
UniProtKB	Q9WV70	Noc2l	enables	GO:0042393	histone binding	ECO:0000318	IBA	GO_REF:0000033	PANTHER:PTN000976013|UniProtKB:Q9Y3T9	10090	GO_Central		F
UniProtKB	Q9WV70	Noc2l	enables	GO:0042393	histone binding	ECO:0000247	ISA	PMID:16322561	RefSeq:NP_05647	10090	MGI		F
UniProtKB	Q9Y294	ASF1A	enables	GO:0042393	histone binding	ECO:0000318	IBA	GO_REF:0000033	MGI:MGI:1914179|PANTHER:PTN000247832|SGD:S000003651|UniProtKB:Q8I5H2|UniProtKB:Q9Y294	9606	GO_Central		F
UniProtKB	Q9Y294	ASF1A	enables	GO:0042393	histone binding	ECO:0000314	IDA	PMID:10759893		9606	MGI		F
UniProtKB	Q9Y2G9	SBNO2	enables	GO:0042393	histone binding	ECO:0000318	IBA	GO_REF:0000033	PANTHER:PTN000295173|TAIR:locus:2207365	9606	GO_Central		F
UniProtKB	Q9Y3T9	NOC2L	enables	GO:0042393	histone binding	ECO:0000318	IBA	GO_REF:0000033	PANTHER:PTN000976013|UniProtKB:Q9Y3T9	9606	GO_Central		F
UniProtKB	Q9Y3T9	NOC2L	enables	GO:0042393	histone binding	ECO:0000314	IDA	PMID:16322561		9606	UniProt		F
UniProtKB	Q9Y468	L3MBTL1	enables	GO:0042393	histone binding	ECO:0000318	IBA	GO_REF:0000033	FB:FBgn0032475|PANTHER:PTN000261772|UniProtKB:Q05BQ5|UniProtKB:Q5VUG0|UniProtKB:Q969R5|UniProtKB:Q9UHJ3|UniProtKB:Q9Y468	9606	GO_Central		F
UniProtKB	Q9Y468	L3MBTL1	enables	GO:0042393	histone binding	ECO:0000353	IPI	PMID:17540172	UniProtKB:P06400	9606	UniProt		F
UniProtKB	Q9Y468	L3MBTL1	enables	GO:0042393	histone binding	ECO:0000353	IPI	PMID:17540172	UniProtKB:P62805	9606	UniProt		F
UniProtKB	Q9Y468	L3MBTL1	enables	GO:0042393	histone binding	ECO:0000353	IPI	PMID:18474616	UniProtKB:P62805	9606	UniProt		F
UniProtKB	Q9Y5T5	USP16	enables	GO:0042393	histone binding	ECO:0000256	IEA	GO_REF:0000104	UniRule:UR000160894	9606	UniProt		F
UniProtKB	Q9Y5T5	USP16	enables	GO:0042393	histone binding	ECO:0000314	IDA	PMID:17914355		9606	UniProt		F
UniProtKB	Q9Y6I4	USP3	enables	GO:0042393	histone binding	ECO:0000353	IPI	PMID:17980597	UniProtKB:P0C0S8	9606	UniProt		F
UniProtKB	Q9Z0E3	Aire	enables	GO:0042393	histone binding	ECO:0000250	ISS	GO_REF:0000024	UniProtKB:O43918	10090	UniProt		F
UniProtKB	Q9Z0E3	Aire	enables	GO:0042393	histone binding	ECO:0000318	IBA	GO_REF:0000033	PANTHER:PTN005329562|UniProtKB:O43918	10090	GO_Central		F
UniProtKB	Q9Z0E3	Aire	enables	GO:0042393	histone binding	ECO:0000265	IEA	GO_REF:0000107	UniProtKB:O43918|ensembl:ENSP00000291582	10090	Ensembl		F
UniProtKB	Q9Z277	Baz1b	enables	GO:0042393	histone binding	ECO:0000318	IBA	GO_REF:0000033	MGI:MGI:1353499|PANTHER:PTN002929532	10090	GO_Central		F
UniProtKB	Q9Z277	Baz1b	enables	GO:0042393	histone binding	ECO:0000353	IPI	PMID:19092802	UniProtKB:P27661	10090	UniProt		F
UniProtKB	Q9Z2G8	Nap1l1	enables	GO:0042393	histone binding	ECO:0000318	IBA	GO_REF:0000033	FB:FBgn0015268|FB:FBgn0267366|MGI:MGI:106654|PANTHER:PTN000221934|RGD:3912|SGD:S000001756|SGD:S000005190|TAIR:locus:2019075|TAIR:locus:2034995|TAIR:locus:2050424|TAIR:locus:2091591|TAIR:locus:2120785|TAIR:locus:2164595|UniProtKB:A0A1L8GUC2|UniProtKB:A0A8J0UN15|UniProtKB:Q8I2W3|UniProtKB:Q8I608	10116	GO_Central		F
